,player_name,0304_salary_adjusted,0405_salary_adjusted,0506_salary_adjusted,0607_salary_adjusted,0708_salary_adjusted,0809_salary_adjusted,0910_salary_adjusted,1011_salary_adjusted,1112_salary_adjusted,1213_salary_adjusted,1314_salary_adjusted,1415_salary_adjusted,1516_salary_adjusted,1617_salary_adjusted,1718_salary_adjusted,1819_salary_adjusted,1920_salary_adjusted,2021_salary_adjusted,2122_salary_adjusted,2223_salary_adjusted,2324_salary,2425_salary_predicted,2526_salary_predicted,2627_salary_predicted,CONTRACT_START,CONTRACT_END,AVG_SALARY,AGE,GP,W,L,MIN,PTS,FGM,FGA,FG%,3PM,3PA,3P%,FTM,FTA,FT%,OREB,DREB,REB,AST,TOV,STL,BLK,PF,+/-
0,LeBron James,"$6,482,581 ","$6,748,393 ","$7,041,080 ","$8,511,223 ","$18,546,814 ","$19,514,263 ","$21,677,854 ","$19,711,923 ","$21,033,142 ","$22,654,792 ","$24,196,202","$25,665,376","$28,521,911","$38,066,911","$40,264,218","$41,925,309","$43,307,655","$45,078,836","$44,911,401","$44,474,988","$47,607,350","$51,415,938",$0,$0,2016,2017,32124579.5,31.0,76.0,56.0,20.0,2709.0,1920.0,737.0,1416.0,52.0,87.0,282.0,30.9,359.0,491.0,73.1,111.0,454.0,565.0,514.0,249.0,104.0,49.0,143.0,618.0
1,LeBron James,"$6,482,581 ","$6,748,393 ","$7,041,080 ","$8,511,223 ","$18,546,814 ","$19,514,263 ","$21,677,854 ","$19,711,923 ","$21,033,142 ","$22,654,792 ","$24,196,202","$25,665,376","$28,521,911","$38,066,911","$40,264,218","$41,925,309","$43,307,655","$45,078,836","$44,911,401","$44,474,988","$47,607,350","$51,415,938",$0,$0,2015,2016,26966975.0,30.0,69.0,50.0,19.0,2493.0,1743.0,624.0,1279.0,48.8,120.0,339.0,35.4,375.0,528.0,71.0,51.0,365.0,416.0,511.0,272.0,109.0,49.0,135.0,541.0
2,Tyson Chandler,"$6,136,492 ","$7,499,311 ","$13,711,048 ","$13,362,472 ","$14,577,195 ","$15,369,740 ","$16,279,088 ","$17,128,982 ","$17,206,990 ","$17,566,261 ","$17,893,246","$18,147,033","$16,141,783","$15,263,179","$15,725,512","$15,974,446","$2,966,954",,,,,,,,2011,2014,13852362.75,28.0,74.0,54.0,20.0,2059.0,748.0,266.0,407.0,65.4,0.0,0.0,0.0,216.0,295.0,73.2,206.0,486.0,692.0,32.0,88.0,36.0,80.0,240.0,295.0
3,Tyson Chandler,"$6,136,492 ","$7,499,311 ","$13,711,048 ","$13,362,472 ","$14,577,195 ","$15,369,740 ","$16,279,088 ","$17,128,982 ","$17,206,990 ","$17,566,261 ","$17,893,246","$18,147,033","$16,141,783","$15,263,179","$15,725,512","$15,974,446","$2,966,954",,,,,,,,2015,2018,13000000.0,32.0,75.0,47.0,28.0,2286.0,771.0,293.0,440.0,66.6,0.0,0.0,0.0,185.0,257.0,72.0,294.0,570.0,864.0,84.0,105.0,42.0,91.0,169.0,230.0
4,Carmelo Anthony,"$5,208,750 ","$5,422,257 ","$5,657,544 ","$6,855,081 ","$18,546,814 ","$19,514,263 ","$21,677,854 ","$23,313,418 ","$24,309,802 ","$25,114,603 ","$27,270,296","$27,920,565","$28,403,331","$30,193,655","$31,745,891","$2,814,944","$2,497,605","$2,947,918","$2,881,021",,,,,,2014,2018,19706085.6,30.0,77.0,35.0,42.0,2982.0,2112.0,743.0,1643.0,45.2,167.0,415.0,40.2,459.0,541.0,84.8,145.0,477.0,622.0,242.0,198.0,95.0,51.0,224.0,104.0
5,Carmelo Anthony,"$5,208,750 ","$5,422,257 ","$5,657,544 ","$6,855,081 ","$18,546,814 ","$19,514,263 ","$21,677,854 ","$23,313,418 ","$24,309,802 ","$25,114,603 ","$27,270,296","$27,920,565","$28,403,331","$30,193,655","$31,745,891","$2,814,944","$2,497,605","$2,947,918","$2,881,021",,,,,,2012,2013,20470000.0,28.0,55.0,29.0,26.0,1876.0,1245.0,441.0,1025.0,43.0,68.0,203.0,33.5,295.0,367.0,80.4,88.0,256.0,344.0,200.0,144.0,62.0,24.0,156.0,108.0
6,Kyle Korver,"$591,865 ","$968,510 ","$5,530,676 ","$5,868,070 ","$6,257,527 ","$6,712,335 ","$7,081,904 ","$6,797,215 ","$6,563,626 ","$6,456,196 ","$8,578,993","$7,774,455","$7,135,263","$6,441,439","$8,467,583","$8,889,718","$2,966,954",,,,,,,,2017,2019,5708251.0,36.0,67.0,33.0,34.0,1753.0,678.0,239.0,515.0,46.4,162.0,359.0,45.1,38.0,42.0,90.5,7.0,179.0,186.0,110.0,69.0,34.0,21.0,107.0,-169.0
7,Kyle Korver,"$591,865 ","$968,510 ","$5,530,676 ","$5,868,070 ","$6,257,527 ","$6,712,335 ","$7,081,904 ","$6,797,215 ","$6,563,626 ","$6,456,196 ","$8,578,993","$7,774,455","$7,135,263","$6,441,439","$8,467,583","$8,889,718","$2,966,954",,,,,,,,2013,2016,6000000.0,32.0,74.0,41.0,33.0,2259.0,810.0,277.0,601.0,46.1,189.0,414.0,45.7,67.0,78.0,85.9,23.0,270.0,293.0,146.0,70.0,70.0,37.0,170.0,199.0
8,Zaza Pachulia,"$591,865 ","$968,510 ","$6,093,799 ","$5,841,517 ","$5,688,661 ","$5,416,648 ","$6,525,372 ","$5,779,332 ","$6,235,445 ","$6,777,391 ","$6,598,675","$6,464,705","$6,456,713","$3,562,842","$4,206,695","$2,814,944",,,,,,,,,2013,2015,5200000.0,29.0,52.0,29.0,23.0,1134.0,306.0,114.0,241.0,47.3,0.0,3.0,0.0,78.0,103.0,75.7,132.0,204.0,336.0,79.0,70.0,35.0,12.0,128.0,-26.0
9,Udonis Haslem,"$591,865 ","$968,510 ","$7,617,249 ","$8,068,596 ","$8,604,100 ","$8,903,616 ","$9,753,715 ","$4,758,050 ","$4,962,101 ","$5,242,431 ","$5,507,356","$3,396,456","$3,544,909","$4,917,657","$2,816,865","$2,814,944","$2,966,954","$2,947,918","$2,881,021","$2,905,851",,,,,2014,2015,2793470.0,34.0,46.0,30.0,16.0,653.0,173.0,74.0,146.0,50.7,0.0,0.0,0.0,25.0,44.0,56.8,42.0,133.0,175.0,13.0,24.0,11.0,15.0,79.0,-69.0
10,Dwight Howard,,"$6,528,713 ","$6,845,104 ","$7,019,635 ","$8,620,134 ","$18,630,563 ","$20,884,751 ","$22,630,892 ","$23,749,525 ","$24,870,817 ","$26,030,733","$26,649,840","$27,763,078","$28,891,238","$28,426,888","$28,523,206","$2,966,954","$2,947,918","$2,881,021",,,,,,2018,2019,13410739.0,32.0,81.0,35.0,46.0,2463.0,1347.0,506.0,911.0,55.5,1.0,7.0,14.3,334.0,582.0,57.4,255.0,757.0,1012.0,105.0,208.0,48.0,131.0,249.0,89.0
11,Dwight Howard,,"$6,528,713 ","$6,845,104 ","$7,019,635 ","$8,620,134 ","$18,630,563 ","$20,884,751 ","$22,630,892 ","$23,749,525 ","$24,870,817 ","$26,030,733","$26,649,840","$27,763,078","$28,891,238","$28,426,888","$28,523,206","$2,966,954","$2,947,918","$2,881,021",,,,,,2016,2018,23752241.66666667,30.0,71.0,34.0,37.0,2280.0,976.0,372.0,600.0,62.0,0.0,6.0,0.0,232.0,474.0,48.9,238.0,597.0,835.0,98.0,166.0,69.0,113.0,219.0,18.0
12,Dwight Howard,,"$6,528,713 ","$6,845,104 ","$7,019,635 ","$8,620,134 ","$18,630,563 ","$20,884,751 ","$22,630,892 ","$23,749,525 ","$24,870,817 ","$26,030,733","$26,649,840","$27,763,078","$28,891,238","$28,426,888","$28,523,206","$2,966,954","$2,947,918","$2,881,021",,,,,,2013,2016,21952203.25,27.0,76.0,42.0,34.0,2722.0,1296.0,470.0,813.0,57.8,1.0,6.0,16.7,355.0,721.0,49.2,251.0,694.0,945.0,108.0,225.0,84.0,186.0,291.0,138.0
13,Devin Harris,,"$4,282,810 ","$4,490,277 ","$4,604,751 ","$5,681,554 ","$10,562,465 ","$11,539,606 ","$12,209,157 ","$12,233,287 ","$10,975,533 ","$1,614,491","$4,822,292","$5,033,065","$5,197,959","$5,325,561","$2,814,944",,,,,,,,,2014,2017,4140721.0,31.0,40.0,24.0,16.0,818.0,315.0,96.0,254.0,37.8,31.0,101.0,30.7,92.0,115.0,80.0,8.0,77.0,85.0,178.0,59.0,28.0,2.0,72.0,156.0
14,Andre Iguodala,,"$2,990,413 ","$3,135,259 ","$3,215,229 ","$3,989,016 ","$15,302,032 ","$16,759,905 ","$16,782,664 ","$17,763,471 ","$19,004,782 ","$16,329,986","$15,278,514","$14,540,588","$13,685,064","$17,920,812","$18,814,218","$19,880,142","$17,240,949","$2,881,021","$2,905,851",,,,,2013,2016,12000000.0,29.0,80.0,57.0,23.0,2779.0,1038.0,396.0,879.0,45.1,91.0,287.0,31.7,155.0,270.0,57.4,82.0,341.0,423.0,433.0,206.0,139.0,52.0,127.0,380.0
15,Trevor Ariza,,"$601,801 ","$1,039,070 ","$4,527,176 ","$4,408,712 ","$4,197,902 ","$8,042,006 ","$8,594,833 ","$8,914,245 ","$9,373,054 ","$9,805,733","$10,691,627","$10,181,740","$9,589,432","$8,951,445","$17,638,329","$14,113,187","$14,712,276","$2,881,021",,,,,,2014,2017,8000000.0,28.0,77.0,41.0,36.0,2723.0,1107.0,389.0,853.0,45.6,180.0,442.0,40.7,149.0,193.0,77.2,99.0,376.0,475.0,191.0,132.0,126.0,20.0,179.0,196.0
16,Chris Paul,,,"$4,790,092 ","$4,936,316 ","$5,142,493 ","$6,194,193 ","$18,573,958 ","$20,310,286 ","$21,475,931 ","$22,957,532 ","$23,689,793","$24,949,488","$26,657,156","$28,115,265","$29,357,063","$41,925,309","$44,545,016","$47,537,680","$33,590,405","$28,400,000","$30,800,000","$30,800,000",$0,$0,2013,2017,21468695.0,28.0,70.0,50.0,20.0,2335.0,1186.0,412.0,856.0,48.1,76.0,232.0,32.8,286.0,323.0,88.5,53.0,209.0,262.0,678.0,159.0,169.0,10.0,143.0,432.0
17,Raymond Felton,,,"$4,337,810 ","$4,469,987 ","$4,656,795 ","$5,618,034 ","$7,557,337 ","$10,195,822 ","$9,924,203 ","$5,164,956 ","$5,304,320","$5,420,406","$5,637,207","$1,907,631","$2,816,865","$2,814,944",,,,,,,,,2012,2015,4270000.0,28.0,60.0,28.0,32.0,1906.0,684.0,261.0,642.0,40.7,62.0,203.0,30.5,100.0,124.0,80.6,27.0,122.0,149.0,390.0,170.0,78.0,10.0,122.0,142.0
18,Jose Calderon,,,"$3,336,355 ","$3,407,553 ","$3,515,029 ","$10,072,282 ","$11,290,968 ","$12,234,987 ","$12,839,756 ","$14,263,791 ","$8,618,340","$8,823,316","$9,191,891","$9,476,851","$2,816,865","$2,814,944",,,,,,,,,2013,2016,7250000.0,31.0,73.0,23.0,50.0,2159.0,826.0,312.0,635.0,49.1,130.0,282.0,46.1,72.0,80.0,90.0,20.0,156.0,176.0,518.0,126.0,58.0,8.0,99.0,-251.0
19,LaMarcus Aldridge,,,,"$5,881,415 ","$6,157,065 ","$6,271,666 ","$8,029,405 ","$15,285,577 ","$16,241,038 ","$16,786,110 ","$17,892,563","$18,896,830","$24,447,352","$25,295,207","$25,960,414","$26,277,600","$30,077,284","$20,261,954","$2,881,021",,,,,,2015,2018,21018007.5,29.0,71.0,48.0,23.0,2512.0,1661.0,659.0,1415.0,46.6,37.0,105.0,35.2,306.0,362.0,84.5,177.0,549.0,726.0,124.0,122.0,48.0,68.0,125.0,338.0
20,Rudy Gay,,,,"$3,274,594 ","$3,429,068 ","$3,492,925 ","$4,507,311 ","$18,493,523 ","$19,733,077 ","$21,254,484 ","$22,700,627","$24,015,541","$15,400,628","$16,392,191","$10,168,358","$11,861,423","$16,773,870","$16,666,250","$6,423,619","$6,184,500","$6,479,000",$0,$0,$0,2017,2018,9246600.0,30.0,30.0,11.0,19.0,1013.0,562.0,201.0,442.0,45.5,42.0,113.0,37.2,118.0,138.0,85.5,35.0,155.0,190.0,83.0,74.0,44.0,26.0,79.0,66.0
21,Rudy Gay,,,,"$3,274,594 ","$3,429,068 ","$3,492,925 ","$4,507,311 ","$18,493,523 ","$19,733,077 ","$21,254,484 ","$22,700,627","$24,015,541","$15,400,628","$16,392,191","$10,168,358","$11,861,423","$16,773,870","$16,666,250","$6,423,619","$6,184,500","$6,479,000",$0,$0,$0,2015,2017,11380811.333333336,28.0,68.0,25.0,43.0,2408.0,1432.0,508.0,1116.0,45.5,79.0,220.0,35.9,337.0,393.0,85.8,98.0,301.0,399.0,250.0,183.0,71.0,41.0,157.0,-107.0
22,Thabo Sefolosha,,,,"$2,452,386 ","$2,567,236 ","$2,615,103 ","$3,791,074 ","$4,418,189 ","$4,331,993 ","$4,648,461 ","$4,949,006","$4,972,850","$4,966,702","$4,917,657","$6,350,687","$6,173,415","$2,966,954",,,,,,,,2017,2018,5250000.0,33.0,62.0,32.0,30.0,1596.0,444.0,174.0,395.0,44.1,41.0,120.0,34.2,55.0,75.0,73.3,54.0,216.0,270.0,107.0,58.0,96.0,31.0,97.0,-65.0
23,Thabo Sefolosha,,,,"$2,452,386 ","$2,567,236 ","$2,615,103 ","$3,791,074 ","$4,418,189 ","$4,331,993 ","$4,648,461 ","$4,949,006","$4,972,850","$4,966,702","$4,917,657","$6,350,687","$6,173,415","$2,966,954",,,,,,,,2014,2016,4000000.0,30.0,61.0,44.0,17.0,1584.0,383.0,141.0,340.0,41.5,48.0,152.0,31.6,53.0,69.0,76.8,50.0,170.0,220.0,94.0,55.0,79.0,17.0,90.0,119.0
24,Rajon Rondo,,,,"$1,670,089 ","$1,748,239 ","$1,780,831 ","$2,877,925 ","$12,358,575 ","$13,186,923 ","$14,203,631 ","$15,227,713","$16,048,742","$11,795,918","$17,211,801","$7,620,824","$10,582,997","$2,966,954","$8,620,474","$8,179,481",,,,,,2019,2020,2564753.0,33.0,46.0,19.0,27.0,1369.0,424.0,175.0,432.0,40.5,51.0,142.0,35.9,23.0,36.0,63.9,34.0,209.0,243.0,367.0,127.0,57.0,7.0,100.0,-245.0
25,Rajon Rondo,,,,"$1,670,089 ","$1,748,239 ","$1,780,831 ","$2,877,925 ","$12,358,575 ","$13,186,923 ","$14,203,631 ","$15,227,713","$16,048,742","$11,795,918","$17,211,801","$7,620,824","$10,582,997","$2,966,954","$8,620,474","$8,179,481",,,,,,2016,2017,10150000.0,30.0,72.0,29.0,43.0,2537.0,859.0,355.0,782.0,45.4,62.0,170.0,36.5,87.0,150.0,58.0,77.0,358.0,435.0,839.0,278.0,141.0,10.0,175.0,-154.0
26,Kyle Lowry,,,,"$1,477,495 ","$1,546,860 ","$1,575,594 ","$2,795,602 ","$7,816,797 ","$7,548,170 ","$7,424,625 ","$7,880,341","$14,918,550","$14,900,108","$14,752,972","$34,963,505","$38,451,558","$38,517,776","$35,056,596","$29,428,824","$28,333,334","$29,682,540",$0,$0,$0,2017,2019,31633333.33333333,31.0,60.0,36.0,24.0,2244.0,1344.0,426.0,918.0,46.4,193.0,468.0,41.2,299.0,365.0,81.9,48.0,238.0,286.0,417.0,173.0,88.0,19.0,170.0,356.0
27,Kyle Lowry,,,,"$1,477,495 ","$1,546,860 ","$1,575,594 ","$2,795,602 ","$7,816,797 ","$7,548,170 ","$7,424,625 ","$7,880,341","$14,918,550","$14,900,108","$14,752,972","$34,963,505","$38,451,558","$38,517,776","$35,056,596","$29,428,824","$28,333,334","$29,682,540",$0,$0,$0,2014,2017,16225926.0,28.0,79.0,45.0,34.0,2862.0,1417.0,457.0,1080.0,42.3,190.0,500.0,38.0,313.0,385.0,81.3,88.0,281.0,369.0,586.0,194.0,121.0,15.0,267.0,269.0
28,Paul Millsap,,,,"$912,737 ","$977,676 ","$1,080,054 ","$10,568,263 ","$10,331,767 ","$10,637,584 ","$9,296,922 ","$12,055,273","$11,810,518","$23,184,144","$24,676,846","$37,220,149","$34,372,128","$35,109,446","$11,608,905","$2,881,021",,,,,,2017,2019,30116666.66666667,32.0,69.0,40.0,29.0,2343.0,1246.0,430.0,972.0,44.2,75.0,241.0,31.1,311.0,405.0,76.8,111.0,422.0,533.0,252.0,158.0,90.0,62.0,186.0,135.0
29,Paul Millsap,,,,"$912,737 ","$977,676 ","$1,080,054 ","$10,568,263 ","$10,331,767 ","$10,637,584 ","$9,296,922 ","$12,055,273","$11,810,518","$23,184,144","$24,676,846","$37,220,149","$34,372,128","$35,109,446","$11,608,905","$2,881,021",,,,,,2013,2014,9500000.0,28.0,78.0,41.0,37.0,2375.0,1135.0,429.0,875.0,49.0,13.0,39.0,33.3,264.0,356.0,74.2,177.0,377.0,554.0,201.0,138.0,102.0,80.0,232.0,4.0
30,Paul Millsap,,,,"$912,737 ","$977,676 ","$1,080,054 ","$10,568,263 ","$10,331,767 ","$10,637,584 ","$9,296,922 ","$12,055,273","$11,810,518","$23,184,144","$24,676,846","$37,220,149","$34,372,128","$35,109,446","$11,608,905","$2,881,021",,,,,,2015,2017,23170974.33333333,30.0,73.0,55.0,18.0,2390.0,1218.0,443.0,930.0,47.6,77.0,216.0,35.6,255.0,337.0,75.7,139.0,431.0,570.0,223.0,166.0,130.0,69.0,201.0,408.0
31,Kevin Durant,,,,,"$5,932,136 ","$6,072,117 ","$6,589,774 ","$8,229,609 ","$20,355,949 ","$22,659,748 ","$23,822,712","$24,861,158","$27,281,911","$32,628,781","$30,241,370","$35,276,658","$43,032,497","$46,101,091","$45,825,710","$44,119,845","$47,649,433","$51,179,020","$54,708,608",$0,2016,2017,25770050.0,27.0,72.0,52.0,20.0,2578.0,2029.0,698.0,1381.0,50.5,186.0,481.0,38.7,447.0,498.0,89.8,45.0,544.0,589.0,361.0,250.0,69.0,85.0,137.0,646.0
32,Kevin Durant,,,,,"$5,932,136 ","$6,072,117 ","$6,589,774 ","$8,229,609 ","$20,355,949 ","$22,659,748 ","$23,822,712","$24,861,158","$27,281,911","$32,628,781","$30,241,370","$35,276,658","$43,032,497","$46,101,091","$45,825,710","$44,119,845","$47,649,433","$51,179,020","$54,708,608",$0,2018,2019,33599500.0,29.0,68.0,49.0,19.0,2325.0,1792.0,630.0,1222.0,51.6,173.0,413.0,41.9,359.0,404.0,88.9,31.0,433.0,464.0,366.0,207.0,50.0,119.0,133.0,351.0
33,Kevin Durant,,,,,"$5,932,136 ","$6,072,117 ","$6,589,774 ","$8,229,609 ","$20,355,949 ","$22,659,748 ","$23,822,712","$24,861,158","$27,281,911","$32,628,781","$30,241,370","$35,276,658","$43,032,497","$46,101,091","$45,825,710","$44,119,845","$47,649,433","$51,179,020","$54,708,608",$0,2011,2015,18759601.8,22.0,78.0,52.0,26.0,3038.0,2161.0,711.0,1538.0,46.2,145.0,414.0,35.0,594.0,675.0,88.0,57.0,476.0,533.0,214.0,218.0,88.0,76.0,159.0,269.0
34,Kevin Durant,,,,,"$5,932,136 ","$6,072,117 ","$6,589,774 ","$8,229,609 ","$20,355,949 ","$22,659,748 ","$23,822,712","$24,861,158","$27,281,911","$32,628,781","$30,241,370","$35,276,658","$43,032,497","$46,101,091","$45,825,710","$44,119,845","$47,649,433","$51,179,020","$54,708,608",$0,2017,2018,27500000.0,28.0,62.0,51.0,11.0,2070.0,1555.0,551.0,1026.0,53.7,117.0,312.0,37.5,336.0,384.0,87.5,39.0,474.0,513.0,300.0,138.0,66.0,99.0,117.0,711.0
35,Al Horford,,,,,"$5,327,147 ","$5,452,831 ","$5,917,675 ","$7,401,972 ","$15,752,704 ","$15,494,870 ","$15,227,713","$14,918,550","$14,900,108","$32,628,781","$33,549,057","$34,016,941","$32,390,922","$31,608,407","$29,446,134","$26,500,000","$10,000,000","$9,500,000",$0,$0,2011,2015,12000000.0,25.0,77.0,41.0,36.0,2704.0,1178.0,513.0,921.0,55.7,2.0,4.0,50.0,150.0,188.0,79.8,182.0,536.0,718.0,266.0,119.0,59.0,80.0,193.0,44.0
36,Al Horford,,,,,"$5,327,147 ","$5,452,831 ","$5,917,675 ","$7,401,972 ","$15,752,704 ","$15,494,870 ","$15,227,713","$14,918,550","$14,900,108","$32,628,781","$33,549,057","$34,016,941","$32,390,922","$31,608,407","$29,446,134","$26,500,000","$10,000,000","$9,500,000",$0,$0,2016,2019,27800803.75,30.0,82.0,48.0,34.0,2631.0,1249.0,529.0,1048.0,50.5,88.0,256.0,34.4,103.0,129.0,79.8,148.0,448.0,596.0,263.0,107.0,68.0,121.0,163.0,231.0
37,Mike Conley,,,,,"$4,802,880 ","$4,916,258 ","$5,335,419 ","$6,678,953 ","$8,679,177 ","$9,271,097 ","$10,024,911","$10,890,541","$12,019,420","$32,628,781","$34,512,187","$35,889,432","$37,610,051","$39,656,633","$22,902,549","$22,680,000","$24,360,000",$0,$0,$0,2011,2015,8026314.2,23.0,81.0,46.0,35.0,2872.0,1107.0,423.0,953.0,44.4,80.0,217.0,36.9,181.0,247.0,73.3,32.0,215.0,247.0,528.0,176.0,144.0,18.0,182.0,297.0
38,Thaddeus Young,,,,,"$2,603,586 ","$2,665,153 ","$2,892,320 ","$3,944,071 ","$9,816,903 ","$10,380,440 ","$10,913,194","$11,388,908","$13,951,412","$14,849,668","$15,630,371","$16,184,984","$14,922,960","$15,568,577","$15,475,579","$8,000,000","$8,000,000",$0,$0,$0,2011,2014,8319565.25,23.0,82.0,41.0,41.0,2135.0,1045.0,458.0,847.0,54.1,6.0,22.0,27.3,123.0,174.0,70.7,153.0,281.0,434.0,82.0,99.0,90.0,26.0,170.0,161.0
39,Thaddeus Young,,,,,"$2,603,586 ","$2,665,153 ","$2,892,320 ","$3,944,071 ","$9,816,903 ","$10,380,440 ","$10,913,194","$11,388,908","$13,951,412","$14,849,668","$15,630,371","$16,184,984","$14,922,960","$15,568,577","$15,475,579","$8,000,000","$8,000,000",$0,$0,$0,2015,2018,12500000.0,27.0,76.0,25.0,51.0,2434.0,1071.0,451.0,968.0,46.6,38.0,115.0,33.0,131.0,200.0,65.5,127.0,284.0,411.0,173.0,117.0,124.0,25.0,171.0,-214.0
40,Jared Dudley,,,,,"$1,617,002 ","$1,655,219 ","$1,796,387 ","$2,924,254 ","$5,579,082 ","$5,487,766 ","$5,393,148","$5,283,653","$5,277,121","$12,871,968","$12,096,548","$11,206,218","$2,966,954","$2,947,918",,,,,,,2011,2015,4250000.0,25.0,82.0,40.0,42.0,2140.0,867.0,300.0,629.0,47.7,105.0,253.0,41.5,162.0,218.0,74.3,111.0,207.0,318.0,108.0,77.0,87.0,20.0,139.0,-31.0
41,Jared Dudley,,,,,"$1,617,002 ","$1,655,219 ","$1,796,387 ","$2,924,254 ","$5,579,082 ","$5,487,766 ","$5,393,148","$5,283,653","$5,277,121","$12,871,968","$12,096,548","$11,206,218","$2,966,954","$2,947,918",,,,,,,2016,2018,10000000.0,30.0,81.0,40.0,41.0,2098.0,638.0,233.0,487.0,47.8,100.0,238.0,42.0,72.0,98.0,73.5,54.0,232.0,286.0,171.0,80.0,75.0,18.0,190.0,60.0
42,Wilson Chandler,,,,,"$1,552,492 ","$1,589,082 ","$1,724,676 ","$2,896,268 ",,"$7,657,584 ","$8,050,592","$8,397,792","$12,974,812","$13,810,191","$14,536,245","$15,052,035","$2,966,954",,,,,,,,2015,2018,11625000.0,28.0,78.0,28.0,50.0,2471.0,1085.0,418.0,975.0,42.9,139.0,406.0,34.2,110.0,142.0,77.5,96.0,379.0,475.0,134.0,110.0,58.0,29.0,231.0,-217.0
43,Wilson Chandler,,,,,"$1,552,492 ","$1,589,082 ","$1,724,676 ","$2,896,268 ",,"$7,657,584 ","$8,050,592","$8,397,792","$12,974,812","$13,810,191","$14,536,245","$15,052,035","$2,966,954",,,,,,,,2011,2015,7369732.5,24.0,72.0,41.0,31.0,2400.0,1100.0,429.0,953.0,45.0,112.0,320.0,35.0,130.0,161.0,80.7,75.0,333.0,408.0,120.0,104.0,48.0,94.0,199.0,175.0
44,Ian Mahinmi,,,,,"$1,335,071 ","$1,366,620 ","$1,483,169 ","$1,036,162 ","$1,202,262 ","$5,164,956 ","$5,075,904","$4,972,850","$4,966,702","$19,670,630","$19,354,477","$18,814,218","$17,872,907",,,,,,,,2012,2015,4000000.0,25.0,61.0,36.0,25.0,1139.0,354.0,130.0,238.0,54.6,0.0,1.0,0.0,94.0,147.0,63.9,108.0,181.0,289.0,12.0,50.0,38.0,31.0,176.0,69.0
45,Derrick Rose,,,,,,"$6,530,853 ","$7,122,245 ","$7,539,688 ","$9,180,818 ","$21,179,551 ","$22,375,460","$23,450,563","$24,949,068","$26,215,113","$3,064,645","$2,559,039","$8,464,527","$8,830,729","$14,663,215","$14,520,730","$3,196,448","$3,356,271",$0,$0,2012,2016,18862876.0,23.0,39.0,32.0,7.0,1374.0,852.0,302.0,695.0,43.5,54.0,173.0,31.2,194.0,239.0,81.2,26.0,105.0,131.0,307.0,119.0,35.0,28.0,52.0,290.0
46,Russell Westbrook,,,,,,"$4,731,009 ","$5,159,358 ","$5,461,861 ","$6,671,816 ","$17,649,626 ","$18,646,215","$19,542,134","$20,790,888","$32,628,781","$34,232,504","$41,938,067","$44,545,016","$47,537,680","$48,216,568","$47,080,179","$3,835,738","$4,027,525",$0,$0,2016,2018,30168166.33333333,27.0,80.0,55.0,25.0,2749.0,1878.0,656.0,1444.0,45.4,101.0,341.0,29.6,465.0,573.0,81.2,145.0,481.0,626.0,834.0,342.0,163.0,20.0,200.0,634.0
47,Russell Westbrook,,,,,,"$4,731,009 ","$5,159,358 ","$5,461,861 ","$6,671,816 ","$17,649,626 ","$18,646,215","$19,542,134","$20,790,888","$32,628,781","$34,232,504","$41,938,067","$44,545,016","$47,537,680","$48,216,568","$47,080,179","$3,835,738","$4,027,525",$0,$0,2012,2016,17473207.2,23.0,66.0,47.0,19.0,2331.0,1558.0,578.0,1266.0,45.7,62.0,196.0,31.6,340.0,413.0,82.3,96.0,205.0,301.0,362.0,239.0,112.0,21.0,147.0,368.0
48,Kevin Love,,,,,,"$4,284,135 ","$4,672,221 ","$4,946,034 ","$6,051,271 ","$17,649,626 ","$18,646,215","$19,542,135","$24,447,352","$26,021,385","$27,389,428","$28,361,287","$33,481,605","$35,928,133","$34,090,178","$30,556,968","$3,835,738","$4,027,525",$0,$0,2012,2014,14693906.333333336,23.0,55.0,24.0,31.0,2145.0,1432.0,474.0,1059.0,44.8,105.0,282.0,37.2,379.0,460.0,82.4,226.0,508.0,734.0,111.0,128.0,47.0,28.0,152.0,26.0
49,Kevin Love,,,,,,"$4,284,135 ","$4,672,221 ","$4,946,034 ","$6,051,271 ","$17,649,626 ","$18,646,215","$19,542,135","$24,447,352","$26,021,385","$27,389,428","$28,361,287","$33,481,605","$35,928,133","$34,090,178","$30,556,968","$3,835,738","$4,027,525",$0,$0,2015,2019,23311776.0,26.0,75.0,50.0,25.0,2532.0,1228.0,413.0,952.0,43.4,144.0,392.0,36.7,258.0,321.0,80.4,142.0,589.0,731.0,168.0,122.0,51.0,39.0,140.0,399.0
50,Marc Gasol,,,,,,"$4,188,874 ","$4,450,991 ","$4,730,861 ","$16,963,292 ","$17,937,067 ","$18,857,648","$19,679,666","$24,447,352","$26,021,385","$27,389,428","$28,361,287","$29,609,583","$2,947,918","$2,936,969",,,,,,2015,2019,22642350.0,30.0,81.0,55.0,26.0,2687.0,1413.0,530.0,1072.0,49.4,3.0,17.0,17.6,350.0,440.0,79.5,115.0,515.0,630.0,307.0,176.0,70.0,131.0,208.0,225.0
51,Marc Gasol,,,,,,"$4,188,874 ","$4,450,991 ","$4,730,861 ","$16,963,292 ","$17,937,067 ","$18,857,648","$19,679,666","$24,447,352","$26,021,385","$27,389,428","$28,361,287","$29,609,583","$2,947,918","$2,936,969",,,,,,2011,2014,14375941.0,26.0,81.0,46.0,35.0,2586.0,951.0,364.0,691.0,52.7,3.0,7.0,42.9,220.0,294.0,74.8,154.0,415.0,569.0,200.0,146.0,74.0,136.0,265.0,138.0
52,Danilo Gallinari,,,,,,"$3,891,212 ","$4,243,607 ","$4,492,361 ","$5,500,558 ","$12,188,007 ","$12,876,205","$13,494,885","$17,383,459","$18,502,686","$24,870,018","$25,384,588","$26,162,100","$22,413,234","$22,329,985","$19,479,000","$6,802,950",$0,$0,$0,2017,2019,21587579.0,28.0,63.0,31.0,32.0,2134.0,1145.0,335.0,750.0,44.7,126.0,324.0,38.9,349.0,387.0,90.2,39.0,286.0,325.0,135.0,82.0,40.0,15.0,93.0,159.0
53,Danilo Gallinari,,,,,,"$3,891,212 ","$4,243,607 ","$4,492,361 ","$5,500,558 ","$12,188,007 ","$12,876,205","$13,494,885","$17,383,459","$18,502,686","$24,870,018","$25,384,588","$26,162,100","$22,413,234","$22,329,985","$19,479,000","$6,802,950",$0,$0,$0,2015,2017,16536533.0,26.0,59.0,23.0,36.0,1426.0,734.0,228.0,568.0,40.1,107.0,301.0,35.5,171.0,191.0,89.5,31.0,187.0,218.0,83.0,57.0,47.0,20.0,94.0,18.0
54,Danilo Gallinari,,,,,,"$3,891,212 ","$4,243,607 ","$4,492,361 ","$5,500,558 ","$12,188,007 ","$12,876,205","$13,494,885","$17,383,459","$18,502,686","$24,870,018","$25,384,588","$26,162,100","$22,413,234","$22,329,985","$19,479,000","$6,802,950",$0,$0,$0,2012,2015,11110193.75,23.0,43.0,27.0,16.0,1351.0,628.0,193.0,466.0,41.4,60.0,183.0,32.8,182.0,209.0,87.1,28.0,174.0,202.0,116.0,68.0,42.0,23.0,86.0,218.0
55,Eric Gordon,,,,,,"$3,552,238 ","$3,873,845 ","$4,101,004 ","$5,029,292 ","$17,649,626 ","$18,125,856","$18,522,546","$19,263,394","$15,227,114","$15,656,586","$15,874,937","$16,262,244","$19,389,478","$19,869,398","$19,568,360","$3,196,448","$3,356,271",$0,$0,2012,2015,14591390.75,23.0,9.0,6.0,3.0,310.0,185.0,63.0,140.0,45.0,10.0,40.0,25.0,49.0,65.0,75.4,2.0,23.0,25.0,31.0,24.0,13.0,4.0,20.0,34.0
56,Eric Gordon,,,,,,"$3,552,238 ","$3,873,845 ","$4,101,004 ","$5,029,292 ","$17,649,626 ","$18,125,856","$18,522,546","$19,263,394","$15,227,114","$15,656,586","$15,874,937","$16,262,244","$19,389,478","$19,869,398","$19,568,360","$3,196,448","$3,356,271",$0,$0,2016,2019,13221697.5,27.0,45.0,14.0,31.0,1481.0,686.0,231.0,552.0,41.8,113.0,294.0,38.4,111.0,125.0,88.8,10.0,89.0,99.0,121.0,73.0,43.0,14.0,98.0,-70.0
57,Brook Lopez,,,,,,"$2,841,790 ","$3,057,830 ","$3,280,771 ","$4,039,233 ","$17,648,658 ","$18,646,335","$19,542,057","$24,447,352","$26,021,385","$27,389,428","$3,976,855","$13,989,435","$14,594,664","$14,507,483","$13,906,976","$25,000,000","$23,000,000",$0,$0,2015,2017,21165675.0,27.0,72.0,34.0,38.0,2100.0,1236.0,506.0,987.0,51.3,1.0,10.0,10.0,223.0,274.0,81.4,214.0,321.0,535.0,50.0,104.0,43.0,126.0,206.0,-104.0
58,Brook Lopez,,,,,,"$2,841,790 ","$3,057,830 ","$3,280,771 ","$4,039,233 ","$17,648,658 ","$18,646,335","$19,542,057","$24,447,352","$26,021,385","$27,389,428","$3,976,855","$13,989,435","$14,594,664","$14,507,483","$13,906,976","$25,000,000","$23,000,000",$0,$0,2012,2014,14693666.666666664,24.0,5.0,2.0,3.0,136.0,96.0,38.0,77.0,49.4,0.0,0.0,0.0,20.0,32.0,62.5,8.0,10.0,18.0,6.0,6.0,1.0,4.0,8.0,-27.0
59,Goran Dragic,,,,,,"$2,302,075 ","$2,522,228 ","$2,680,821 ","$2,767,225 ","$9,684,294 ","$9,517,320","$9,324,093","$18,355,691","$19,537,515","$20,564,676","$21,294,372","$22,231,625","$20,689,139","$21,101,870","$3,523,762",,,,,2015,2019,17000450.0,29.0,78.0,41.0,37.0,2640.0,1275.0,502.0,1002.0,50.1,90.0,259.0,34.7,181.0,234.0,77.4,81.0,193.0,274.0,350.0,173.0,78.0,15.0,195.0,20.0
60,Goran Dragic,,,,,,"$2,302,075 ","$2,522,228 ","$2,680,821 ","$2,767,225 ","$9,684,294 ","$9,517,320","$9,324,093","$18,355,691","$19,537,515","$20,564,676","$21,294,372","$22,231,625","$20,689,139","$21,101,870","$3,523,762",,,,,2012,2015,9320750.0,26.0,66.0,34.0,32.0,1752.0,775.0,277.0,600.0,46.2,68.0,202.0,33.7,153.0,190.0,80.5,53.0,115.0,168.0,351.0,157.0,85.0,10.0,166.0,69.0
61,Robin Lopez,,,,,,"$2,198,780 ","$2,397,930 ","$2,538,515 ","$3,757,810 ","$6,326,159 ","$6,496,854","$6,639,039","$15,707,197","$16,251,936","$16,679,325","$16,883,114","$5,514,554","$8,390,595","$5,452,987","$2,905,851","$3,196,448",$0,$0,$0,2015,2018,13503875.0,27.0,59.0,38.0,21.0,1638.0,566.0,234.0,437.0,53.5,0.0,1.0,0.0,98.0,127.0,77.2,190.0,204.0,394.0,55.0,73.0,16.0,84.0,122.0,146.0
62,Robin Lopez,,,,,,"$2,198,780 ","$2,397,930 ","$2,538,515 ","$3,757,810 ","$6,326,159 ","$6,496,854","$6,639,039","$15,707,197","$16,251,936","$16,679,325","$16,883,114","$5,514,554","$8,390,595","$5,452,987","$2,905,851","$3,196,448",$0,$0,$0,2019,2020,4767000.0,31.0,74.0,20.0,54.0,1606.0,704.0,304.0,535.0,56.8,7.0,31.0,22.6,89.0,123.0,72.4,140.0,146.0,286.0,89.0,96.0,11.0,78.0,124.0,-142.0
63,Robin Lopez,,,,,,"$2,198,780 ","$2,397,930 ","$2,538,515 ","$3,757,810 ","$6,326,159 ","$6,496,854","$6,639,039","$15,707,197","$16,251,936","$16,679,325","$16,883,114","$5,514,554","$8,390,595","$5,452,987","$2,905,851","$3,196,448",$0,$0,$0,2012,2014,5119761.0,24.0,64.0,32.0,32.0,895.0,348.0,124.0,269.0,46.1,0.0,0.0,0.0,100.0,140.0,71.4,90.0,119.0,209.0,20.0,43.0,18.0,60.0,128.0,-64.0
64,JaVale McGee,,,,,,"$1,885,318 ","$2,056,028 ","$2,176,522 ","$3,232,454 ","$12,912,392 ","$13,641,493","$13,986,140","$16,478,233","$1,725,619","$2,560,784","$2,814,944","$4,627,274","$4,827,465","$5,452,987","$5,461,219","$5,734,280","$6,007,341",$0,$0,2012,2015,11317741.0,24.0,61.0,22.0,39.0,1535.0,691.0,307.0,552.0,55.6,0.0,0.0,0.0,77.0,167.0,46.1,163.0,314.0,477.0,31.0,87.0,35.0,132.0,166.0,-305.0
65,Nicolas Batum,,,,,,"$1,409,195 ","$1,536,910 ","$1,626,927 ","$2,829,402 ","$15,430,309 ","$13,857,536","$14,160,812","$14,727,204","$25,657,344","$27,138,343","$28,221,327","$29,574,319","$13,342,461","$13,116,613","$19,700,319","$11,710,818",$0,$0,$0,2016,2020,23217391.5,27.0,70.0,41.0,29.0,2448.0,1046.0,372.0,873.0,42.6,139.0,399.0,34.8,163.0,192.0,84.9,55.0,373.0,428.0,403.0,205.0,65.0,43.0,114.0,211.0
66,Nicolas Batum,,,,,,"$1,409,195 ","$1,536,910 ","$1,626,927 ","$2,829,402 ","$15,430,309 ","$13,857,536","$14,160,812","$14,727,204","$25,657,344","$27,138,343","$28,221,327","$29,574,319","$13,342,461","$13,116,613","$19,700,319","$11,710,818",$0,$0,$0,2012,2015,11530375.0,23.0,59.0,27.0,32.0,1791.0,818.0,289.0,641.0,45.1,107.0,274.0,39.1,133.0,159.0,83.6,81.0,190.0,271.0,84.0,90.0,57.0,60.0,105.0,-59.0
67,George Hill,,,,,,"$1,362,557 ","$1,485,971 ","$1,573,093 ","$2,738,817 ","$10,329,913 ","$10,151,808","$9,945,700","$9,933,405","$9,835,315","$24,193,096","$22,341,883","$11,723,092","$11,023,405","$5,753,437","$4,000,000",,,,,2012,2016,8000000.0,26.0,50.0,35.0,15.0,1274.0,481.0,168.0,380.0,44.2,54.0,147.0,36.7,91.0,117.0,77.8,31.0,120.0,151.0,145.0,52.0,42.0,17.0,98.0,77.0
68,George Hill,,,,,,"$1,362,557 ","$1,485,971 ","$1,573,093 ","$2,738,817 ","$10,329,913 ","$10,151,808","$9,945,700","$9,933,405","$9,835,315","$24,193,096","$22,341,883","$11,723,092","$11,023,405","$5,753,437","$4,000,000",,,,,2017,2019,16377969.0,31.0,49.0,33.0,16.0,1544.0,829.0,289.0,606.0,47.7,94.0,233.0,40.3,157.0,196.0,80.1,23.0,144.0,167.0,204.0,85.0,50.0,11.0,114.0,258.0
69,DeAndre Jordan,,,,,,"$744,789 ","$1,011,666 ","$1,161,493 ","$13,231,489 ","$13,600,593 ","$13,941,669","$14,222,504","$24,447,352","$26,021,385","$27,389,428","$26,924,557","$11,431,216","$11,925,769","$12,115,804","$10,733,758","$3,196,448",$0,$0,$0,2011,2014,10759763.5,22.0,80.0,31.0,49.0,2047.0,566.0,234.0,341.0,68.6,0.0,1.0,0.0,98.0,217.0,45.2,207.0,368.0,575.0,42.0,101.0,41.0,142.0,255.0,-100.0
70,DeAndre Jordan,,,,,,"$744,789 ","$1,011,666 ","$1,161,493 ","$13,231,489 ","$13,600,593 ","$13,941,669","$14,222,504","$24,447,352","$26,021,385","$27,389,428","$26,924,557","$11,431,216","$11,925,769","$12,115,804","$10,733,758","$3,196,448",$0,$0,$0,2015,2018,21598556.25,26.0,82.0,56.0,26.0,2820.0,946.0,379.0,534.0,71.0,1.0,4.0,25.0,187.0,471.0,39.7,397.0,829.0,1226.0,61.0,109.0,81.0,183.0,245.0,622.0
71,Blake Griffin,,,,,,,"$6,846,118 ","$7,282,916 ","$7,523,334 ","$9,331,645 ","$20,814,380","$21,921,178","$23,421,574","$24,702,702","$35,700,422","$37,480,194","$39,852,360","$38,964,821","$35,341,704","$2,905,851",,,,,2013,2017,20500805.6,24.0,80.0,55.0,25.0,2598.0,1440.0,577.0,1072.0,53.8,5.0,28.0,17.9,281.0,426.0,66.0,186.0,476.0,662.0,299.0,185.0,97.0,50.0,231.0,387.0
72,James Harden,,,,,,,"$5,569,453 ","$5,851,749 ","$6,044,785 ","$7,515,549 ","$17,345,317","$18,267,647","$19,517,976","$32,628,781","$34,232,504","$35,946,915","$44,189,315","$47,418,265","$48,325,294","$33,000,000","$35,640,000",$0,$0,$0,2016,2019,30902124.75,26.0,82.0,41.0,41.0,3125.0,2376.0,710.0,1617.0,43.9,236.0,657.0,35.9,720.0,837.0,86.0,63.0,438.0,501.0,612.0,374.0,139.0,51.0,229.0,124.0
73,James Harden,,,,,,,"$5,569,453 ","$5,851,749 ","$6,044,785 ","$7,515,549 ","$17,345,317","$18,267,647","$19,517,976","$32,628,781","$34,232,504","$35,946,915","$44,189,315","$47,418,265","$48,325,294","$33,000,000","$35,640,000",$0,$0,$0,2013,2017,19784243.4,23.0,78.0,43.0,35.0,2985.0,2023.0,585.0,1337.0,43.8,179.0,486.0,36.8,674.0,792.0,85.1,62.0,317.0,379.0,455.0,295.0,142.0,38.0,178.0,195.0
74,Stephen Curry,,,,,,,"$3,723,666 ","$3,961,199 ","$4,091,922 ","$5,111,683 ","$12,547,181","$13,214,370","$14,118,828","$14,891,108","$41,953,914","$44,045,441","$46,540,848","$49,431,367","$49,928,610","$48,070,014","$51,915,615","$55,761,217","$59,606,817",$0,2013,2016,11000000.0,25.0,78.0,45.0,33.0,2983.0,1786.0,626.0,1388.0,45.1,272.0,600.0,45.3,262.0,291.0,90.0,59.0,255.0,314.0,539.0,240.0,126.0,12.0,198.0,133.0
75,DeMar DeRozan,,,,,,,"$3,135,805 ","$3,335,910 ","$3,445,904 ","$4,318,226 ","$12,055,273","$11,810,518","$11,795,918","$32,628,781","$33,555,794","$32,619,121","$32,090,120","$31,884,233","$28,355,537","$27,300,000","$28,600,000",$0,$0,$0,2013,2016,13760025.0,23.0,82.0,34.0,48.0,3013.0,1485.0,548.0,1231.0,44.5,34.0,120.0,28.3,355.0,427.0,83.1,48.0,272.0,320.0,204.0,151.0,76.0,24.0,173.0,-112.0
76,James Johnson,,,,,,,"$2,189,887 ","$2,329,541 ","$2,406,383 ","$3,630,972 ","$643,889","$3,108,031","$3,104,189","$4,917,657","$16,613,399","$16,957,137","$17,756,472","$18,444,482","$2,881,021","$3,841,067",,,,,2014,2015,2500000.0,27.0,52.0,33.0,19.0,956.0,384.0,143.0,308.0,46.4,22.0,87.0,25.3,76.0,90.0,84.4,60.0,106.0,166.0,111.0,66.0,42.0,57.0,102.0,96.0
77,James Johnson,,,,,,,"$2,189,887 ","$2,329,541 ","$2,406,383 ","$3,630,972 ","$643,889","$3,108,031","$3,104,189","$4,917,657","$16,613,399","$16,957,137","$17,756,472","$18,444,482","$2,881,021","$3,841,067",,,,,2013,2014,1503704.5,26.0,54.0,17.0,37.0,878.0,276.0,117.0,283.0,41.3,2.0,21.0,9.5,40.0,67.0,59.7,49.0,96.0,145.0,58.0,68.0,41.0,50.0,99.0,-279.0
78,Jrue Holiday,,,,,,,"$2,080,261 ","$2,213,064 ","$2,286,032 ","$3,453,872 ","$13,958,737","$13,675,337","$13,658,432","$13,523,558","$31,072,000","$31,326,979","$30,228,956","$31,063,605","$33,995,380","$34,319,520","$36,861,707","$39,403,894",$0,$0,2013,2016,11000000.0,23.0,78.0,34.0,44.0,2926.0,1383.0,555.0,1288.0,43.1,91.0,247.0,36.8,182.0,242.0,75.2,89.0,240.0,329.0,625.0,292.0,123.0,32.0,170.0,-127.0
79,Jeff Teague,,,,,,,"$1,887,385 ","$2,007,679 ","$2,074,001 ","$3,141,683 ","$10,151,808","$9,945,700","$9,933,405","$9,835,315","$22,983,441","$22,341,883","$21,979,554","$3,876,714",,,,,,,2017,2019,19000000.0,29.0,82.0,42.0,40.0,2657.0,1254.0,402.0,909.0,44.2,90.0,252.0,35.7,360.0,415.0,86.7,33.0,297.0,330.0,639.0,216.0,100.0,32.0,165.0,49.0
80,Jeff Teague,,,,,,,"$1,887,385 ","$2,007,679 ","$2,074,001 ","$3,141,683 ","$10,151,808","$9,945,700","$9,933,405","$9,835,315","$22,983,441","$22,341,883","$21,979,554","$3,876,714",,,,,,,2013,2016,8000000.0,25.0,80.0,43.0,37.0,2628.0,1166.0,439.0,974.0,45.1,89.0,248.0,35.9,199.0,226.0,88.1,25.0,155.0,180.0,579.0,230.0,117.0,28.0,181.0,74.0
81,Serge Ibaka,,,,,,,"$1,538,888 ","$1,637,041 ","$1,691,052 ","$2,909,240 ","$15,544,957","$15,229,353","$15,210,527","$15,060,326","$24,267,767","$25,477,587","$26,921,025","$10,641,113","$10,601,590","$2,905,851",,,,,2017,2019,21666666.666666668,27.0,79.0,37.0,42.0,2422.0,1173.0,471.0,982.0,48.0,124.0,317.0,39.1,107.0,125.0,85.6,129.0,409.0,538.0,75.0,105.0,41.0,124.0,215.0,-142.0
82,Serge Ibaka,,,,,,,"$1,538,888 ","$1,637,041 ","$1,691,052 ","$2,909,240 ","$15,544,957","$15,229,353","$15,210,527","$15,060,326","$24,267,767","$25,477,587","$26,921,025","$10,641,113","$10,601,590","$2,905,851",,,,,2013,2016,12250000.0,23.0,80.0,58.0,22.0,2486.0,1055.0,446.0,778.0,57.3,20.0,57.0,35.1,143.0,191.0,74.9,222.0,395.0,617.0,43.0,125.0,28.0,242.0,213.0,489.0
83,Wayne Ellington,,,,,,,"$1,378,653 ","$1,466,567 ","$1,514,937 ","$2,689,705 ","$3,172,440","$1,322,012","$1,862,513","$7,376,486","$7,584,535","$10,175,052","$9,254,549","$4,097,314","$2,881,021",,,,,,2016,2017,6135000.0,28.0,76.0,18.0,58.0,1615.0,586.0,218.0,561.0,38.9,96.0,268.0,35.8,54.0,63.0,85.7,20.0,154.0,174.0,83.0,45.0,48.0,5.0,82.0,-322.0
84,Wayne Ellington,,,,,,,"$1,378,653 ","$1,466,567 ","$1,514,937 ","$2,689,705 ","$3,172,440","$1,322,012","$1,862,513","$7,376,486","$7,584,535","$10,175,052","$9,254,549","$4,097,314","$2,881,021",,,,,,2013,2014,1781692.0,25.0,78.0,39.0,39.0,1661.0,614.0,226.0,529.0,42.7,94.0,240.0,39.2,68.0,75.0,90.7,25.0,141.0,166.0,104.0,57.0,45.0,3.0,81.0,17.0
85,Wayne Ellington,,,,,,,"$1,378,653 ","$1,466,567 ","$1,514,937 ","$2,689,705 ","$3,172,440","$1,322,012","$1,862,513","$7,376,486","$7,584,535","$10,175,052","$9,254,549","$4,097,314","$2,881,021",,,,,,2015,2016,3750000.0,27.0,65.0,18.0,47.0,1675.0,650.0,254.0,617.0,41.2,90.0,243.0,37.0,52.0,64.0,81.3,31.0,179.0,210.0,105.0,50.0,33.0,2.0,77.0,-121.0
86,Wesley Matthews,,,,,,,"$628,617 ","$7,837,189 ","$8,053,780 ","$8,399,924 ","$8,724,819","$9,007,870","$20,372,793","$21,079,340","$21,633,678","$22,765,471","$2,966,954","$4,164,263","$2,135,929","$2,905,851","$3,196,448",$0,$0,$0,2019,2020,2564753.0,32.0,69.0,27.0,42.0,2091.0,840.0,279.0,698.0,40.0,150.0,403.0,37.2,132.0,163.0,81.0,32.0,138.0,170.0,160.0,91.0,54.0,17.0,160.0,-90.0
87,Wesley Matthews,,,,,,,"$628,617 ","$7,837,189 ","$8,053,780 ","$8,399,924 ","$8,724,819","$9,007,870","$20,372,793","$21,079,340","$21,633,678","$22,765,471","$2,966,954","$4,164,263","$2,135,929","$2,905,851","$3,196,448",$0,$0,$0,2015,2018,17699435.25,28.0,60.0,41.0,19.0,2024.0,956.0,337.0,752.0,44.8,173.0,445.0,38.9,109.0,145.0,75.2,38.0,184.0,222.0,139.0,81.0,77.0,10.0,132.0,272.0
88,Danny Green,,,,,,,"$628,617 ","$127,996 ","$1,121,578 ","$4,519,337 ","$4,774,522","$5,003,930","$12,416,756","$12,294,144","$12,096,548","$11,758,886","$16,929,054","$17,661,459","$10,905,975","$11,710,528",,,,,2015,2018,10000000.0,28.0,81.0,55.0,26.0,2311.0,946.0,322.0,738.0,43.6,191.0,457.0,41.8,111.0,127.0,87.4,54.0,289.0,343.0,158.0,93.0,101.0,87.0,163.0,430.0
89,Danny Green,,,,,,,"$628,617 ","$127,996 ","$1,121,578 ","$4,519,337 ","$4,774,522","$5,003,930","$12,416,756","$12,294,144","$12,096,548","$11,758,886","$16,929,054","$17,661,459","$10,905,975","$11,710,528",,,,,2012,2014,3762500.0,25.0,66.0,50.0,16.0,1522.0,603.0,211.0,477.0,44.2,102.0,234.0,43.6,79.0,100.0,79.0,54.0,174.0,228.0,86.0,67.0,58.0,46.0,107.0,244.0
90,Garrett Temple,,,,,,,"$247,749 ","$231,612 ",,"$739,806 ","$1,162,507","$1,219,695","$1,366,590","$9,835,315","$9,677,238","$9,407,109","$5,514,554","$5,479,173","$5,354,834","$5,155,500","$3,196,448",$0,$0,$0,2016,2018,8000000.0,30.0,80.0,40.0,40.0,1951.0,582.0,201.0,505.0,39.8,89.0,258.0,34.5,91.0,125.0,72.8,36.0,176.0,212.0,140.0,64.0,69.0,18.0,195.0,-38.0
91,Garrett Temple,,,,,,,"$247,749 ","$231,612 ",,"$739,806 ","$1,162,507","$1,219,695","$1,366,590","$9,835,315","$9,677,238","$9,407,109","$5,514,554","$5,479,173","$5,354,834","$5,155,500","$3,196,448",$0,$0,$0,2014,2015,1040843.0,28.0,75.0,40.0,35.0,638.0,138.0,51.0,141.0,36.2,6.0,29.0,20.7,30.0,43.0,69.8,21.0,47.0,68.0,72.0,42.0,35.0,11.0,72.0,-86.0
92,John Wall,,,,,,,,"$6,993,355 ","$7,259,476 ","$7,638,816 ","$9,466,465","$17,033,565","$18,288,447","$19,371,191","$21,851,023","$22,541,549","$44,189,315","$47,418,265","$48,325,294","$47,345,760",,,,,2014,2018,16284036.4,23.0,82.0,44.0,38.0,2980.0,1583.0,579.0,1337.0,43.3,108.0,308.0,35.1,317.0,394.0,80.5,38.0,295.0,333.0,721.0,295.0,149.0,40.0,219.0,196.0
93,Derrick Favors,,,,,,,,"$5,618,958 ","$5,832,911 ","$6,137,673 ","$7,624,143","$16,099,602","$14,900,108","$13,585,029","$14,515,858","$19,872,517","$20,417,849","$10,641,113","$10,601,590","$10,350,803",,,,,2014,2017,12000000.0,22.0,73.0,25.0,48.0,2201.0,970.0,390.0,747.0,52.2,0.0,1.0,0.0,190.0,284.0,66.9,199.0,438.0,637.0,91.0,129.0,75.0,108.0,236.0,-338.0
94,Derrick Favors,,,,,,,,"$5,618,958 ","$5,832,911 ","$6,137,673 ","$7,624,143","$16,099,602","$14,900,108","$13,585,029","$14,515,858","$19,872,517","$20,417,849","$10,641,113","$10,601,590","$10,350,803",,,,,2018,2019,17275000.0,26.0,77.0,46.0,31.0,2153.0,944.0,395.0,702.0,56.3,14.0,63.0,22.2,140.0,215.0,65.1,198.0,354.0,552.0,102.0,88.0,54.0,82.0,164.0,143.0
95,DeMarcus Cousins,,,,,,,,"$4,587,630 ","$4,762,200 ","$5,011,041 ","$6,239,521","$17,033,565","$18,288,447","$19,371,191","$21,851,023","$6,275,717","$4,048,865","$3,507,765","$2,223,664",,,,,,2014,2017,15562595.5,23.0,71.0,28.0,43.0,2298.0,1614.0,591.0,1191.0,49.6,0.0,7.0,0.0,432.0,595.0,72.6,218.0,613.0,831.0,207.0,251.0,109.0,91.0,270.0,-17.0
96,Al-Farouq Aminu,,,,,,,,"$3,484,687 ","$3,617,293 ","$3,806,315 ","$4,695,211","$1,219,695","$9,986,667","$9,443,088","$8,853,506","$8,180,780","$10,709,827","$11,173,169","$11,272,002",,,,,,2015,2018,7500000.0,24.0,74.0,45.0,29.0,1366.0,412.0,147.0,357.0,41.2,34.0,124.0,27.4,84.0,118.0,71.2,114.0,228.0,342.0,59.0,55.0,70.0,62.0,137.0,105.0
97,Gordon Hayward,,,,,,,,"$3,203,282 ","$3,325,080 ","$3,498,896 ","$4,380,737","$18,332,411","$19,133,688","$19,760,549","$35,960,497","$36,704,534","$37,828,768","$32,757,803","$32,636,132","$30,075,000","$31,500,000",$0,$0,$0,2014,2017,18989152.5,24.0,77.0,23.0,54.0,2800.0,1248.0,426.0,1032.0,41.3,85.0,280.0,30.4,311.0,381.0,81.6,62.0,329.0,391.0,400.0,212.0,110.0,40.0,155.0,-395.0
98,Gordon Hayward,,,,,,,,"$3,203,282 ","$3,325,080 ","$3,498,896 ","$4,380,737","$18,332,411","$19,133,688","$19,760,549","$35,960,497","$36,704,534","$37,828,768","$32,757,803","$32,636,132","$30,075,000","$31,500,000",$0,$0,$0,2017,2020,31214295.0,27.0,73.0,46.0,27.0,2516.0,1601.0,545.0,1156.0,47.1,149.0,374.0,39.8,362.0,429.0,84.4,49.0,345.0,394.0,252.0,140.0,73.0,20.0,117.0,347.0
99,Paul George,,,,,,,,"$3,042,922 ","$3,158,732 ","$3,323,804 ","$4,164,783","$19,642,757","$20,984,318","$22,252,400","$23,346,338","$35,935,979","$38,181,442","$40,746,583","$42,909,529","$42,492,492","$45,640,084","$48,787,676",$0,$0,2014,2018,20132140.0,24.0,80.0,54.0,26.0,2898.0,1737.0,577.0,1362.0,42.4,182.0,500.0,36.4,401.0,464.0,86.4,64.0,478.0,542.0,283.0,224.0,151.0,22.0,198.0,371.0
100,Ed Davis,,,,,,,,"$2,608,988 ","$2,708,204 ","$2,849,816 ","$4,002,173","$1,219,695","$8,667,892","$8,196,096","$7,684,369","$5,231,528","$5,514,554","$5,753,132","$2,881,021",,,,,,2015,2017,6666666.666666668,26.0,79.0,20.0,59.0,1840.0,656.0,282.0,469.0,60.1,0.0,0.0,0.0,92.0,189.0,48.7,230.0,370.0,600.0,94.0,58.0,49.0,98.0,202.0,-265.0
101,Patrick Patterson,,,,,,,,"$2,478,645 ","$2,572,889 ","$2,707,418 ","$3,940,552","$7,249,577","$7,783,661","$7,437,957","$6,280,527","$6,410,474","$2,697,230","$4,384,684","$803,843",,,,,,2014,2016,6050000.333333332,25.0,65.0,37.0,28.0,1532.0,555.0,225.0,489.0,46.0,55.0,151.0,36.4,50.0,71.0,70.4,117.0,225.0,342.0,78.0,65.0,55.0,37.0,159.0,168.0
102,Patrick Patterson,,,,,,,,"$2,478,645 ","$2,572,889 ","$2,707,418 ","$3,940,552","$7,249,577","$7,783,661","$7,437,957","$6,280,527","$6,410,474","$2,697,230","$4,384,684","$803,843",,,,,,2017,2019,4325064.333333333,28.0,65.0,42.0,23.0,1599.0,445.0,154.0,384.0,40.1,94.0,253.0,37.2,43.0,60.0,71.7,62.0,231.0,293.0,76.0,38.0,40.0,23.0,120.0,347.0
103,Eric Bledsoe,,,,,,,,"$2,018,772 ","$2,095,582 ","$2,205,075 ","$3,332,931","$16,161,762","$16,762,621","$17,211,801","$17,539,995","$17,638,329","$18,075,291","$19,396,067","$19,767,081","$1,300,000","$1,300,000","$1,300,000",$0,$0,2014,2018,14000000.0,24.0,43.0,28.0,15.0,1416.0,763.0,265.0,556.0,47.7,50.0,140.0,35.7,183.0,237.0,77.2,27.0,175.0,202.0,235.0,143.0,69.0,14.0,99.0,136.0
104,Avery Bradley,,,,,,,,"$1,927,907 ","$2,001,223 ","$2,105,752 ","$3,186,947","$8,939,954","$9,598,571","$10,166,842","$10,655,836","$14,110,663","$5,514,554","$6,476,849","$2,881,021",,,,,,2014,2017,8000000.0,23.0,60.0,19.0,41.0,1855.0,891.0,361.0,825.0,43.8,79.0,200.0,39.5,90.0,112.0,80.4,48.0,178.0,226.0,85.0,96.0,63.0,11.0,145.0,-127.0
105,Avery Bradley,,,,,,,,"$1,927,907 ","$2,001,223 ","$2,105,752 ","$3,186,947","$8,939,954","$9,598,571","$10,166,842","$10,655,836","$14,110,663","$5,514,554","$6,476,849","$2,881,021",,,,,,2019,2020,4767000.0,28.0,63.0,31.0,32.0,1905.0,625.0,248.0,608.0,40.8,86.0,245.0,35.1,43.0,50.0,86.0,43.0,132.0,175.0,152.0,89.0,41.0,16.0,167.0,-82.0
106,Avery Bradley,,,,,,,,"$1,927,907 ","$2,001,223 ","$2,105,752 ","$3,186,947","$8,939,954","$9,598,571","$10,166,842","$10,655,836","$14,110,663","$5,514,554","$6,476,849","$2,881,021",,,,,,2018,2019,8383500.0,27.0,46.0,22.0,24.0,1433.0,656.0,259.0,625.0,41.4,75.0,203.0,36.9,63.0,82.0,76.8,22.0,94.0,116.0,94.0,101.0,51.0,8.0,92.0,-122.0
107,Quincy Pondexter,,,,,,,,"$1,459,063 ","$1,514,622 ","$1,593,802 ","$2,824,078","$3,911,231","$4,199,375","$4,447,994","$4,661,926","$2,546,364",,,,,,,,,2014,2017,3500000.0,26.0,15.0,7.0,8.0,270.0,94.0,31.0,79.0,39.2,11.0,34.0,32.4,21.0,26.0,80.8,10.0,16.0,26.0,20.0,15.0,5.0,1.0,18.0,-106.0
108,Hassan Whiteside,,,,,,,,"$992,987 ","$1,000,552 ",,,"$963,726","$1,218,515","$27,190,650","$28,760,155","$28,731,970","$31,341,708","$2,666,650","$2,619,110",,,,,,2016,2019,24354884.0,27.0,73.0,42.0,31.0,2125.0,1040.0,413.0,682.0,60.6,0.0,0.0,0.0,214.0,329.0,65.0,238.0,627.0,865.0,29.0,137.0,44.0,269.0,201.0,86.0
109,Patrick Beverley,,,,,,,,"$643,837 ",,"$384,908 ","$1,001,059","$1,137,841","$8,054,111","$7,376,486","$6,669,448","$5,911,225","$14,281,712","$15,325,287","$15,618,433","$13,801,614","$3,196,448",$0,$0,$0,2015,2018,5756757.0,26.0,56.0,35.0,21.0,1727.0,568.0,204.0,532.0,38.3,115.0,323.0,35.6,45.0,60.0,75.0,67.0,170.0,237.0,192.0,83.0,59.0,23.0,182.0,71.0
110,Kyrie Irving,,,,,,,,,"$6,753,026 ","$7,140,656 ","$7,507,110","$9,274,270","$20,372,793","$21,684,488","$22,824,524","$23,634,407","$36,719,737","$38,760,929","$38,529,394","$38,917,057","$37,037,037","$40,000,000","$42,962,963",$0,2015,2019,20951075.6,23.0,75.0,52.0,23.0,2730.0,1628.0,578.0,1235.0,46.8,157.0,378.0,41.5,315.0,365.0,86.3,55.0,182.0,237.0,389.0,186.0,114.0,20.0,146.0,422.0
111,Enes Kanter,,,,,,,,,"$5,425,861 ","$5,737,440 ","$6,031,849","$7,469,352","$20,372,793","$21,079,340","$21,633,679","$22,653,027","$5,514,554","$5,753,132","$2,881,021",,,,,,2015,2018,17675529.25,23.0,75.0,32.0,43.0,2136.0,1163.0,482.0,928.0,51.9,16.0,45.0,35.6,183.0,234.0,78.2,277.0,394.0,671.0,55.0,145.0,36.0,29.0,189.0,-34.0
112,Tristan Thompson,,,,,,,,,"$4,892,002 ","$5,172,807 ","$5,438,273","$6,739,744","$17,706,295","$18,847,457","$19,838,339","$20,542,262","$21,446,411","$10,641,113","$10,847,749","$16,700",,,,,2015,2019,16399826.0,24.0,82.0,53.0,29.0,2194.0,693.0,267.0,488.0,54.7,0.0,0.0,0.0,159.0,248.0,64.1,274.0,383.0,657.0,39.0,83.0,34.0,61.0,189.0,218.0
113,Ricky Rubio,,,,,,,,,"$4,568,441 ","$4,830,680 ","$5,078,594","$6,303,940","$15,769,281","$16,474,152","$17,056,133","$17,403,151","$18,740,462","$19,539,742","$19,412,636","$5,853,659","$6,146,342","$6,439,025",$0,$0,2015,2018,13750000.0,24.0,22.0,7.0,15.0,692.0,226.0,78.0,219.0,35.6,13.0,51.0,25.5,57.0,71.0,80.3,19.0,106.0,125.0,193.0,64.0,38.0,1.0,59.0,-12.0
114,Bismack Biyombo,,,,,,,,,"$3,673,058 ","$3,883,944 ","$4,083,159","$5,080,329","$3,494,075","$20,900,044","$20,564,132","$19,990,106","$19,665,917","$4,022,888","$1,655,759","$2,905,851",,,,,2015,2016,9907000.0,22.0,64.0,26.0,38.0,1243.0,304.0,101.0,186.0,54.3,0.0,0.0,0.0,102.0,175.0,58.3,159.0,248.0,407.0,16.0,52.0,18.0,99.0,140.0,-31.0
115,Bismack Biyombo,,,,,,,,,"$3,673,058 ","$3,883,944 ","$4,083,159","$5,080,329","$3,494,075","$20,900,044","$20,564,132","$19,990,106","$19,665,917","$4,022,888","$1,655,759","$2,905,851",,,,,2016,2019,17000000.0,23.0,82.0,56.0,26.0,1808.0,454.0,156.0,288.0,54.2,0.0,1.0,0.0,142.0,226.0,62.8,182.0,473.0,655.0,29.0,71.0,19.0,133.0,225.0,84.0
116,Kemba Walker,,,,,,,,,"$3,093,201 ","$3,270,657 ","$3,438,569","$4,291,797","$14,900,108","$14,752,972","$14,515,858","$14,110,663","$37,876,556","$39,515,221","$38,135,407","$37,281,261",,,,,2015,2018,12000000.0,25.0,62.0,21.0,41.0,2119.0,1075.0,378.0,981.0,38.5,85.0,280.0,30.4,234.0,283.0,82.7,35.0,185.0,220.0,318.0,100.0,89.0,31.0,92.0,-188.0
117,Klay Thompson,,,,,,,,,"$2,791,536 ","$2,869,340 ","$4,118,019","$3,823,972","$19,247,214","$20,486,439","$21,563,488","$22,328,625","$37,876,556","$40,644,227","$41,421,681","$40,600,080","$43,219,440",$0,$0,$0,2015,2018,17244862.5,25.0,77.0,64.0,13.0,2455.0,1668.0,602.0,1299.0,46.3,239.0,545.0,43.9,225.0,256.0,87.9,27.0,220.0,247.0,222.0,149.0,87.0,60.0,122.0,776.0
118,Alec Burks,,,,,,,,,"$2,651,967 ","$2,804,106 ","$2,948,085","$3,979,981","$11,440,158","$12,176,728","$13,119,318","$13,565,656","$2,683,870","$6,896,379","$10,399,938","$10,012,800","$10,489,600",$0,$0,$0,2015,2018,10375000.0,23.0,27.0,9.0,18.0,899.0,374.0,121.0,300.0,40.3,26.0,68.0,38.2,106.0,129.0,82.2,19.0,95.0,114.0,82.0,52.0,17.0,5.0,64.0,-129.0
119,Markieff Morris,,,,,,,,,"$2,519,330 ","$2,663,878 ","$2,800,681","$3,920,918","$9,933,405","$9,097,666","$9,677,238","$10,786,771","$2,614,279","$2,679,925","$2,881,021","$2,905,851",,,,,2015,2018,8143323.5,25.0,82.0,39.0,43.0,2581.0,1258.0,512.0,1100.0,46.5,57.0,179.0,31.8,177.0,232.0,76.3,110.0,396.0,506.0,192.0,170.0,101.0,39.0,245.0,105.0
120,Kawhi Leonard,,,,,,,,,"$2,273,587 ","$2,404,184 ","$2,527,495","$3,795,985","$20,372,793","$21,684,488","$22,824,523","$27,179,567","$37,876,556","$39,515,221","$42,909,452","$42,492,492","$45,640,084","$48,787,676",$0,$0,2015,2019,21754050.8,24.0,64.0,46.0,18.0,2033.0,1057.0,394.0,822.0,47.9,67.0,192.0,34.9,202.0,252.0,80.2,85.0,376.0,461.0,161.0,97.0,148.0,48.0,128.0,440.0
121,Nikola Vucevic,,,,,,,,,"$2,159,958 ","$2,283,943 ","$2,401,258","$3,608,743","$13,968,851","$14,445,619","$14,818,271","$14,992,580","$32,390,922","$29,884,312","$26,174,341","$22,000,000","$18,518,519","$20,000,000","$21,481,481",$0,2015,2018,12000000.0,24.0,74.0,21.0,53.0,2529.0,1428.0,631.0,1206.0,52.3,2.0,6.0,33.3,164.0,218.0,75.2,238.0,572.0,810.0,147.0,148.0,54.0,54.0,220.0,-302.0
122,Tobias Harris,,,,,,,,,"$1,861,654 ","$1,968,468 ","$2,069,446","$3,122,243","$19,866,810","$21,145,927","$19,354,477","$17,403,151","$37,876,556","$39,491,945","$39,257,095","$37,633,050","$39,270,150",$0,$0,$0,2015,2018,16000000.0,22.0,68.0,20.0,48.0,2369.0,1164.0,442.0,949.0,46.6,87.0,239.0,36.4,193.0,245.0,78.8,73.0,357.0,430.0,124.0,115.0,69.0,36.0,134.0,-294.0
123,Kenneth Faried,,,,,,,,,"$1,647,102 ","$1,741,623 ","$1,830,980","$2,950,810","$13,951,412","$14,849,668","$15,630,371","$16,747,925",,,,,,,,,2015,2018,12619684.25,25.0,75.0,30.0,45.0,2086.0,946.0,373.0,736.0,50.7,1.0,8.0,12.5,199.0,288.0,69.1,242.0,426.0,668.0,89.0,118.0,62.0,57.0,211.0,-38.0
124,Reggie Jackson,,,,,,,,,"$1,517,930 ","$1,605,113 ","$1,687,382","$2,891,314","$17,275,488","$18,387,763","$19,354,477","$20,041,231","$593,125","$2,679,925","$11,325,310","$11,457,217","$5,000,000","$5,250,000",$0,$0,2015,2019,12485153.0,25.0,77.0,37.0,40.0,2268.0,1117.0,432.0,996.0,43.4,72.0,241.0,29.9,181.0,218.0,83.0,56.0,271.0,327.0,462.0,186.0,62.0,9.0,167.0,113.0
125,Cory Joseph,,,,,,,,,"$1,350,006 ","$1,427,542 ","$1,500,691","$2,653,752","$8,691,729","$8,993,166","$9,229,666","$9,342,435","$13,881,823","$14,482,397","$7,972,268","$5,155,500","$3,196,448",$0,$0,$0,2015,2018,7472500.0,23.0,79.0,53.0,26.0,1444.0,535.0,207.0,411.0,50.4,16.0,44.0,36.4,105.0,143.0,73.4,44.0,148.0,192.0,188.0,67.0,46.0,17.0,105.0,173.0
126,Jimmy Butler,,,,,,,,,"$1,340,240 ","$1,417,160 ","$1,489,879","$2,634,633","$20,372,793","$21,578,938","$22,616,817","$23,331,543","$37,876,556","$39,515,221","$39,279,180","$37,653,300","$45,183,960","$48,798,677","$52,413,394",$0,2015,2019,21048050.8,25.0,65.0,40.0,25.0,2513.0,1301.0,421.0,912.0,46.2,73.0,193.0,37.8,386.0,463.0,83.4,114.0,265.0,379.0,212.0,93.0,114.0,36.0,108.0,238.0
127,E'Twaun Moore,,,,,,,,,"$621,711 ","$984,176 ","$1,122,146","$1,178,768","$1,260,823","$10,820,522","$10,215,564","$10,358,032","$10,023,750","$2,679,925","$2,881,021",,,,,,2012,2013,823244.0,23.0,38.0,24.0,14.0,331.0,110.0,43.0,113.0,38.1,17.0,45.0,37.8,7.0,7.0,100.0,4.0,29.0,33.0,34.0,21.0,11.0,3.0,33.0,31.0
128,E'Twaun Moore,,,,,,,,,"$621,711 ","$984,176 ","$1,122,146","$1,178,768","$1,260,823","$10,820,522","$10,215,564","$10,358,032","$10,023,750","$2,679,925","$2,881,021",,,,,,2016,2019,8680000.0,27.0,59.0,29.0,30.0,1263.0,443.0,187.0,389.0,48.1,47.0,104.0,45.2,22.0,35.0,62.9,19.0,114.0,133.0,99.0,53.0,37.0,18.0,103.0,-37.0
129,E'Twaun Moore,,,,,,,,,"$621,711 ","$984,176 ","$1,122,146","$1,178,768","$1,260,823","$10,820,522","$10,215,564","$10,358,032","$10,023,750","$2,679,925","$2,881,021",,,,,,2014,2015,981792.0,25.0,79.0,22.0,57.0,1506.0,499.0,195.0,456.0,42.8,57.0,161.0,35.4,52.0,68.0,76.5,29.0,107.0,136.0,112.0,55.0,60.0,13.0,106.0,-147.0
130,Anthony Davis,,,,,,,,,,"$6,642,496 ","$6,821,711","$6,970,990","$8,779,553","$27,190,650","$28,760,155","$29,907,860","$31,341,709","$37,633,544","$38,565,013","$37,980,720","$40,600,080","$43,219,440","$57,604,894","$62,213,285",2016,2020,24604884.5,23.0,61.0,24.0,37.0,2164.0,1481.0,560.0,1136.0,49.3,35.0,108.0,32.4,326.0,430.0,75.8,130.0,497.0,627.0,116.0,121.0,78.0,125.0,148.0,-200.0
131,Jonas Valanciunas,,,,,,,,,,"$4,357,467 ","$4,474,968","$4,572,983","$5,786,807","$17,681,466","$18,702,080","$19,448,405","$18,509,098","$17,240,949","$15,268,366","$14,700,000","$15,435,000",$0,$0,$0,2016,2019,15595506.0,24.0,60.0,40.0,20.0,1557.0,768.0,303.0,536.0,56.5,0.0,0.0,0.0,162.0,213.0,76.1,184.0,363.0,547.0,42.0,85.0,25.0,80.0,158.0,147.0
132,Harrison Barnes,,,,,,,,,,"$3,612,939 ","$3,710,384","$3,791,698","$4,809,504","$27,190,650","$27,957,547","$28,347,450","$27,934,540","$25,534,890","$22,121,780","$18,352,273","$17,000,000","$18,000,000","$19,000,000",$0,2016,2019,23370934.75,24.0,66.0,59.0,7.0,2042.0,774.0,295.0,633.0,46.6,82.0,214.0,38.3,102.0,134.0,76.1,77.0,248.0,325.0,117.0,57.0,41.0,10.0,136.0,451.0
133,Terrence Ross,,,,,,,,,,"$3,309,859 ","$3,399,130","$3,473,486","$4,412,812","$12,294,144","$12,701,375","$12,346,830","$14,460,233","$15,516,854","$13,632,469","$11,500,000",,,,,2016,2018,10333333.333333334,25.0,73.0,53.0,20.0,1747.0,720.0,270.0,626.0,43.1,131.0,339.0,38.6,49.0,62.0,79.0,21.0,164.0,185.0,56.0,46.0,54.0,25.0,120.0,243.0
134,Austin Rivers,,,,,,,,,,"$2,890,258 ","$2,968,185","$3,033,239","$3,862,599","$13,523,558","$14,304,168","$15,469,195","$2,515,282","$4,516,035","$2,619,110","$2,905,851",,,,,2015,2016,7055398.0,22.0,76.0,46.0,30.0,1563.0,530.0,203.0,496.0,40.9,39.0,131.0,29.8,85.0,126.0,67.5,27.0,125.0,152.0,155.0,65.0,48.0,14.0,146.0,-128.0
135,Austin Rivers,,,,,,,,,,"$2,890,258 ","$2,968,185","$3,033,239","$3,862,599","$13,523,558","$14,304,168","$15,469,195","$2,515,282","$4,516,035","$2,619,110","$2,905,851",,,,,2019,2020,2174310.0,26.0,76.0,45.0,31.0,2028.0,618.0,232.0,572.0,40.6,104.0,327.0,31.8,50.0,95.0,52.6,25.0,137.0,162.0,167.0,68.0,47.0,23.0,207.0,104.0
136,Austin Rivers,,,,,,,,,,"$2,890,258 ","$2,968,185","$3,033,239","$3,862,599","$13,523,558","$14,304,168","$15,469,195","$2,515,282","$4,516,035","$2,619,110","$2,905,851",,,,,2016,2018,11993441.333333336,23.0,67.0,42.0,25.0,1464.0,593.0,226.0,516.0,43.8,62.0,185.0,33.5,79.0,116.0,68.1,22.0,108.0,130.0,99.0,61.0,48.0,9.0,137.0,-162.0
137,Meyers Leonard,,,,,,,,,,"$2,745,846 ","$2,819,867","$2,881,667","$3,819,244","$11,327,189","$11,981,020","$12,459,135","$13,056,451","$10,804,328",,"$713,558",,,,,2016,2019,10250000.0,24.0,61.0,33.0,28.0,1333.0,511.0,195.0,435.0,44.8,86.0,228.0,37.7,35.0,46.0,76.1,51.0,263.0,314.0,92.0,77.0,8.0,18.0,183.0,100.0
138,Jeremy Lamb,,,,,,,,,,"$2,608,561 ","$2,679,011","$2,737,553","$3,767,686","$8,605,900","$8,467,583","$8,231,220","$12,146,595","$12,068,664","$11,451,274",,,,,,2016,2018,7000000.0,24.0,66.0,40.0,26.0,1227.0,580.0,230.0,510.0,45.1,56.0,181.0,30.9,64.0,88.0,72.7,44.0,208.0,252.0,77.0,50.0,42.0,30.0,105.0,152.0
139,Draymond Green,,,,,,,,,,"$1,097,553 ","$1,110,988","$1,137,841","$17,707,375","$18,847,457","$19,838,339","$20,542,262","$21,446,411","$25,570,575","$26,203,473","$25,806,468","$22,321,429","$24,107,143","$25,892,857","$27,678,571",2015,2019,16400000.0,25.0,79.0,64.0,15.0,2490.0,921.0,339.0,765.0,44.3,111.0,329.0,33.7,132.0,200.0,66.0,114.0,533.0,647.0,291.0,133.0,123.0,99.0,253.0,839.0
140,Kyle O'Quinn,,,,,,,,,,"$1,018,622 ","$1,001,059","$1,137,841","$4,656,283","$4,817,767","$4,944,464","$5,231,528","$2,515,291",,,,,,,,2015,2018,4051312.5,25.0,51.0,15.0,36.0,824.0,294.0,119.0,242.0,49.2,12.0,43.0,27.9,44.0,57.0,77.2,46.0,153.0,199.0,59.0,55.0,31.0,39.0,110.0,-123.0
141,Jae Crowder,,,,,,,,,,"$775,377 ","$1,001,059","$1,137,841","$8,438,573","$7,728,600","$8,220,955","$8,590,836","$9,041,154","$10,641,113","$10,601,590","$10,183,800","$3,196,448",$0,$0,$0,2015,2019,7000000.0,24.0,82.0,47.0,35.0,1647.0,628.0,229.0,545.0,42.0,61.0,208.0,29.3,109.0,141.0,77.3,72.0,221.0,293.0,94.0,49.0,72.0,25.0,137.0,73.0
142,Will Barton,,,,,,,,,,"$710,181 ","$1,001,059","$1,137,841","$4,387,253","$4,343,930","$4,274,113","$13,911,183","$14,780,424","$15,773,415","$17,040,587","$15,059,712",,,,,2015,2017,3533333.0,24.0,58.0,30.0,28.0,984.0,397.0,150.0,353.0,42.5,23.0,85.0,27.1,74.0,94.0,78.7,26.0,136.0,162.0,81.0,61.0,48.0,19.0,70.0,-29.0
143,Kent Bazemore,,,,,,,,,,"$611,536 ","$967,207","$2,486,425","$2,483,351","$19,339,102","$20,455,398","$21,271,693","$22,291,505","$2,666,650","$2,619,110",,,,,,2016,2019,17500000.0,26.0,75.0,44.0,31.0,2083.0,872.0,320.0,725.0,44.1,109.0,305.0,35.7,123.0,151.0,81.5,28.0,351.0,379.0,171.0,138.0,98.0,38.0,176.0,76.0
144,Kent Bazemore,,,,,,,,,,"$611,536 ","$967,207","$2,486,425","$2,483,351","$19,339,102","$20,455,398","$21,271,693","$22,291,505","$2,666,650","$2,619,110",,,,,,2014,2015,2000000.0,24.0,67.0,35.0,32.0,911.0,403.0,147.0,343.0,42.9,43.0,128.0,33.6,66.0,109.0,60.6,10.0,107.0,117.0,91.0,79.0,43.0,13.0,102.0,-251.0
145,Khris Middleton,,,,,,,,,,"$611,536 ","$1,001,059","$1,137,841","$18,252,632","$18,687,098","$17,056,133","$15,286,552","$35,402,639","$37,989,539","$38,716,214","$37,984,276","$29,320,988","$31,666,667","$34,012,345",$0,2015,2019,17520689.6,23.0,79.0,40.0,39.0,2378.0,1055.0,406.0,869.0,46.7,109.0,268.0,40.7,134.0,156.0,85.9,48.0,299.0,347.0,182.0,113.0,122.0,11.0,183.0,320.0
146,Mike Scott,,,,,,,,,,"$611,536 ","$1,001,059","$4,144,041","$4,138,918","$4,098,047","$2,067,950","$5,080,426","$5,514,554","$5,753,132",,,,,,,2014,2016,3333333.0,25.0,80.0,36.0,44.0,1482.0,767.0,301.0,628.0,47.9,62.0,200.0,31.0,103.0,132.0,78.0,62.0,222.0,284.0,75.0,79.0,30.0,7.0,121.0,-192.0
147,Aron Baynes,,,,,,,,,,"$309,365 ","$1,001,059","$2,610,746","$8,070,891","$7,991,193","$5,201,515","$6,107,095","$6,308,456","$8,045,776",,,,,,,2018,2019,5323440.0,31.0,81.0,54.0,27.0,1484.0,482.0,210.0,446.0,47.1,3.0,21.0,14.3,59.0,78.0,75.6,130.0,304.0,434.0,93.0,80.0,22.0,51.0,200.0,185.0
148,Aron Baynes,,,,,,,,,,"$309,365 ","$1,001,059","$2,610,746","$8,070,891","$7,991,193","$5,201,515","$6,107,095","$6,308,456","$8,045,776",,,,,,,2015,2017,5766666.666666668,28.0,70.0,49.0,21.0,1122.0,461.0,185.0,327.0,56.6,1.0,4.0,25.0,90.0,104.0,86.5,109.0,209.0,318.0,35.0,65.0,16.0,22.0,162.0,136.0
149,Justin Holiday,,,,,,,,,,"$98,418 ",,"$1,015,060","$1,176,209","$1,248,711","$5,443,446","$5,291,498","$5,514,554","$6,575,008","$6,550,587","$5,987,975","$3,196,448",$0,$0,$0,2015,2016,981486.0,26.0,59.0,49.0,10.0,657.0,254.0,91.0,235.0,38.7,35.0,109.0,32.1,37.0,45.0,82.2,12.0,61.0,73.0,48.0,29.0,40.0,12.0,54.0,-13.0
150,Justin Holiday,,,,,,,,,,"$98,418 ",,"$1,015,060","$1,176,209","$1,248,711","$5,443,446","$5,291,498","$5,514,554","$6,575,008","$6,550,587","$5,987,975","$3,196,448",$0,$0,$0,2017,2018,4500000.0,28.0,82.0,31.0,51.0,1639.0,629.0,233.0,538.0,43.3,97.0,273.0,35.5,66.0,80.0,82.5,27.0,198.0,225.0,102.0,66.0,65.0,31.0,109.0,-41.0
151,Nerlens Noel,,,,,,,,,,,"$4,025,598","$4,121,398","$4,293,466","$5,390,355","$5,065,549","$2,066,540","$2,178,135","$5,746,983","$9,597,258","$9,391,069","$3,196,448",$0,$0,$0,2018,2019,1820148.0,24.0,30.0,6.0,24.0,472.0,131.0,55.0,105.0,52.4,0.0,1.0,0.0,21.0,28.0,75.0,48.0,120.0,168.0,20.0,26.0,31.0,22.0,59.0,-119.0
152,Ben McLemore,,,,,,,,,,,"$3,674,904","$3,762,309","$3,919,473","$4,928,577","$6,290,205","$6,420,351","$2,346,715","$3,325,927","$2,606,136",,,,,,2017,2018,5330000.0,24.0,61.0,27.0,34.0,1176.0,495.0,180.0,419.0,43.0,65.0,170.0,38.2,70.0,93.0,75.3,19.0,110.0,129.0,51.0,62.0,29.0,6.0,108.0,-135.0
153,Kentavious Caldwell-Pope,,,,,,,,,,,"$3,366,695","$3,446,781","$3,590,628","$4,522,178","$21,466,406","$14,110,663","$9,415,673","$13,876,688","$14,220,151","$14,004,703","$14,704,938","$15,440,185",$0,$0,2019,2020,8139282.0,26.0,82.0,37.0,45.0,2035.0,938.0,325.0,756.0,43.0,151.0,435.0,34.7,137.0,158.0,86.7,48.0,190.0,238.0,110.0,65.0,73.0,13.0,137.0,-156.0
154,Trey Burke,,,,,,,,,,,"$3,094,728","$3,168,401","$3,300,671","$4,163,531","$948,562","$2,110,737","$265,165","$3,448,189","$3,435,382","$3,423,750",,,,,2017,2018,1289587.5,24.0,57.0,35.0,22.0,703.0,285.0,116.0,255.0,45.5,31.0,70.0,44.3,22.0,29.0,75.9,7.0,40.0,47.0,100.0,48.0,11.0,5.0,54.0,-160.0
155,Mason Plumlee,,,,,,,,,,,"$1,647,943","$1,687,138","$1,757,616","$2,862,728","$16,984,879","$15,189,903","$16,243,001","$9,195,172","$10,086,209","$9,080,417","$5,000,000",$0,$0,$0,2017,2019,13666666.666666664,27.0,81.0,38.0,43.0,2148.0,842.0,334.0,623.0,53.6,0.0,6.0,0.0,174.0,300.0,58.0,170.0,435.0,605.0,284.0,134.0,69.0,92.0,226.0,-1.0
156,Solomon Hill,,,,,,,,,,,"$1,582,007","$1,619,706","$1,687,288","$14,395,954","$14,801,983","$15,008,415","$15,374,576","$2,499,153","$2,606,136",,,,,,2016,2019,12500000.0,25.0,59.0,31.0,28.0,866.0,246.0,93.0,208.0,44.7,24.0,74.0,32.4,36.0,42.0,85.7,39.0,127.0,166.0,57.0,33.0,37.0,11.0,68.0,46.0
157,Reggie Bullock,,,,,,,,,,,"$1,458,053","$1,492,750","$1,555,074","$2,773,121","$3,024,137","$2,939,721","$4,627,274","$4,827,465","$10,399,938","$10,012,800","$10,489,600",$0,$0,$0,2017,2018,2500000.0,26.0,31.0,13.0,18.0,467.0,141.0,54.0,128.0,42.2,28.0,73.0,38.4,5.0,7.0,71.4,13.0,51.0,64.0,29.0,10.0,18.0,3.0,22.0,55.0
158,Robert Covington,,,,,,,,,,,"$622,026","$1,243,212","$1,241,675","$1,248,711","$20,198,941","$12,304,606","$13,073,460","$13,951,772","$14,151,017","$12,307,692","$11,692,308",$0,$0,$0,2014,2017,4928449.75,23.0,7.0,4.0,3.0,34.0,16.0,6.0,14.0,42.9,4.0,11.0,36.4,0.0,0.0,0.0,2.0,3.0,5.0,0.0,1.0,2.0,0.0,3.0,17.0
159,Matthew Dellavedova,,,,,,,,,,,"$622,026","$1,015,060","$1,672,879","$11,811,598","$11,621,758","$11,297,350","$11,114,135","$2,499,153",,"$2,628,597",,,,,2016,2019,9607500.0,25.0,76.0,54.0,22.0,1867.0,569.0,207.0,511.0,40.5,98.0,239.0,41.0,57.0,66.0,86.4,33.0,129.0,162.0,337.0,116.0,44.0,9.0,178.0,381.0
160,Mike Muscala,,,,,,,,,,,"$204,902","$1,015,060","$1,176,209","$1,248,711","$6,048,274","$5,879,443","$2,346,715","$2,624,111","$3,817,091","$3,500,000","$3,500,000",$0,$0,$0,2017,2018,5000000.0,25.0,70.0,36.0,34.0,1237.0,435.0,170.0,337.0,50.4,46.0,110.0,41.8,49.0,64.0,76.6,76.0,164.0,240.0,95.0,55.0,30.0,41.0,97.0,-76.0
161,Seth Curry,,,,,,,,,,,"$84,155","$59,709","$1,176,209","$3,562,842","$3,663,330","$3,286,608","$8,631,463","$9,004,889","$8,951,099","$8,496,653","$4,000,000","$4,000,000",$0,$0,2015,2016,1922638.0,24.0,2.0,2.0,0.0,8.0,0.0,0.0,3.0,0.0,0.0,1.0,0.0,0.0,0.0,0.0,0.0,2.0,2.0,1.0,0.0,0.0,0.0,2.0,-4.0
162,Seth Curry,,,,,,,,,,,"$84,155","$59,709","$1,176,209","$3,562,842","$3,663,330","$3,286,608","$8,631,463","$9,004,889","$8,951,099","$8,496,653","$4,000,000","$4,000,000",$0,$0,2016,2017,2963205.0,25.0,44.0,17.0,27.0,692.0,299.0,102.0,224.0,45.5,50.0,111.0,45.0,45.0,54.0,83.3,9.0,51.0,60.0,67.0,36.0,22.0,3.0,41.0,-36.0
163,Bojan Bogdanovic,,,,,,,,,,,,"$4,075,250","$4,253,372","$4,392,722","$12,701,375","$12,346,830","$19,665,917","$20,516,729","$20,394,174","$19,550,000","$20,000,000","$19,032,850",$0,$0,2017,2018,10500000.0,28.0,81.0,23.0,58.0,2083.0,1113.0,376.0,845.0,44.5,144.0,392.0,36.7,217.0,243.0,89.3,37.0,240.0,277.0,111.0,131.0,34.0,7.0,146.0,-264.0
164,Julius Randle,,,,,,,,,,,,"$3,726,355","$3,889,226","$4,016,644","$5,019,150","$10,160,853","$20,822,735","$22,809,775","$21,593,832","$23,760,000","$28,226,880","$30,317,760","$32,408,640",$0,2018,2019,13320500.0,23.0,82.0,35.0,47.0,2190.0,1323.0,504.0,904.0,55.8,10.0,45.0,22.2,305.0,425.0,71.8,181.0,473.0,654.0,210.0,213.0,43.0,45.0,274.0,-81.0
165,Elfrid Payton,,,,,,,,,,,,"$2,981,024","$3,111,291","$3,213,197","$4,030,981","$3,527,665","$9,254,549","$5,479,173","$2,442,441",,,,,,2019,2020,8000000.0,25.0,42.0,18.0,24.0,1250.0,446.0,179.0,412.0,43.4,33.0,105.0,31.4,55.0,74.0,74.3,49.0,171.0,220.0,320.0,112.0,44.0,17.0,81.0,-69.0
166,Rodney Hood,,,,,,,,,,,,"$1,604,191","$1,674,325","$1,729,195","$2,887,281","$4,083,728","$6,614,689","$11,548,505","$2,442,441",,,,,,2019,2020,5718000.0,26.0,72.0,29.0,43.0,1893.0,805.0,292.0,671.0,43.5,84.0,236.0,35.6,137.0,155.0,88.4,25.0,132.0,157.0,126.0,55.0,59.0,12.0,146.0,-273.0
167,Jerami Grant,,,,,,,,,,,,"$1,100,092","$1,049,289","$1,205,355","$1,843,882","$9,799,071","$10,811,804","$21,896,005","$21,814,678","$20,955,000","$27,586,207","$29,793,104","$32,000,001","$34,206,898",2018,2020,8839743.0,24.0,81.0,48.0,33.0,1647.0,682.0,244.0,456.0,53.5,32.0,110.0,29.1,162.0,240.0,67.5,86.0,233.0,319.0,57.0,54.0,31.0,77.0,155.0,17.0
168,Joe Harris,,,,,,,,,,,,"$1,100,092","$1,049,289","$1,205,355","$1,843,882","$9,799,071","$8,868,943","$18,472,446","$18,929,658","$18,642,857","$19,928,571",$0,$0,$0,2016,2017,1252368.0,24.0,5.0,5.0,0.0,15.0,3.0,1.0,4.0,25.0,1.0,4.0,25.0,0.0,0.0,0.0,0.0,3.0,3.0,2.0,1.0,0.0,0.0,1.0,-21.0
169,Joe Harris,,,,,,,,,,,,"$1,100,092","$1,049,289","$1,205,355","$1,843,882","$9,799,071","$8,868,943","$18,472,446","$18,929,658","$18,642,857","$19,928,571",$0,$0,$0,2018,2019,8000000.0,26.0,78.0,27.0,51.0,1975.0,846.0,305.0,621.0,49.1,150.0,358.0,41.9,86.0,104.0,82.7,51.0,209.0,260.0,128.0,91.0,35.0,20.0,153.0,-120.0
170,Spencer Dinwiddie,,,,,,,,,,,,"$870,248","$1,049,289","$893,381","$1,843,882","$1,947,379","$12,268,755","$13,165,244","$21,064,111","$19,500,000","$20,357,143",$0,$0,$0,2016,2017,1125488.5,23.0,12.0,5.0,7.0,159.0,58.0,19.0,54.0,35.2,1.0,10.0,10.0,19.0,33.0,57.6,4.0,13.0,17.0,22.0,7.0,3.0,0.0,20.0,-56.0
171,Spencer Dinwiddie,,,,,,,,,,,,"$870,248","$1,049,289","$893,381","$1,843,882","$1,947,379","$12,268,755","$13,165,244","$21,064,111","$19,500,000","$20,357,143",$0,$0,$0,2016,2018,1302356.333333333,23.0,12.0,5.0,7.0,159.0,58.0,19.0,54.0,35.2,1.0,10.0,10.0,19.0,33.0,57.6,4.0,13.0,17.0,22.0,7.0,3.0,0.0,20.0,-56.0
172,Joe Ingles,,,,,,,,,,,,"$630,726","$2,607,518","$2,581,770","$16,495,293","$14,752,057","$13,250,832","$11,911,929","$14,217,427","$6,479,000","$11,000,000","$11,000,000",$0,$0,2015,2016,2100000.0,27.0,79.0,36.0,43.0,1673.0,396.0,147.0,354.0,41.5,72.0,202.0,35.6,30.0,40.0,75.0,22.0,153.0,175.0,182.0,98.0,72.0,10.0,124.0,-49.0
173,JaKarr Sampson,,,,,,,,,,,,"$630,726","$1,370,247",,"$93,445","$100,487","$2,009,561","$2,164,160",,,,,,,2015,2016,1103547.0,22.0,74.0,17.0,57.0,1131.0,386.0,146.0,346.0,42.2,31.0,127.0,24.4,63.0,94.0,67.0,35.0,128.0,163.0,77.0,76.0,38.0,26.0,135.0,-335.0
174,Glenn Robinson III,,,,,,,,,,,,"$630,726","$1,365,843","$1,291,499","$1,843,882","$4,791,746","$2,178,135","$1,339,417",,,,,,,2015,2017,1224935.0,21.0,35.0,2.0,33.0,261.0,73.0,26.0,67.0,38.8,5.0,19.0,26.3,16.0,24.0,66.7,15.0,24.0,39.0,11.0,11.0,6.0,1.0,15.0,27.0
175,Jordan Clarkson,,,,,,,,,,,,"$630,726","$1,049,289","$15,367,680","$13,986,634","$14,698,607","$15,544,750","$13,218,061","$13,545,221","$13,340,000","$23,487,629","$14,092,577","$14,285,714",$0,2016,2019,12500000.0,24.0,79.0,17.0,62.0,2552.0,1225.0,475.0,1098.0,43.3,111.0,320.0,34.7,164.0,204.0,80.4,93.0,220.0,313.0,192.0,135.0,88.0,7.0,168.0,-628.0
176,Dwight Powell,,,,,,,,,,,,"$630,726","$1,049,289","$10,296,345","$10,890,673","$11,325,277","$11,868,236","$12,735,458","$12,083,957","$11,080,125","$4,000,000","$4,000,000","$4,000,000",$0,2016,2019,9317187.5,24.0,69.0,35.0,34.0,992.0,399.0,146.0,296.0,49.3,2.0,16.0,12.5,105.0,142.0,73.9,84.0,189.0,273.0,44.0,40.0,36.0,24.0,118.0,-81.0
177,Langston Galloway,,,,,,,,,,,,"$367,313","$1,049,289","$6,392,954","$8,064,365","$8,231,220","$8,483,336","$2,331,659","$421,108",,,,,,2017,2019,7000000.0,25.0,74.0,29.0,45.0,1494.0,585.0,207.0,545.0,38.0,120.0,308.0,39.0,51.0,64.0,79.7,27.0,129.0,156.0,93.0,46.0,46.0,6.0,96.0,-60.0
178,Langston Galloway,,,,,,,,,,,,"$367,313","$1,049,289","$6,392,954","$8,064,365","$8,231,220","$8,483,336","$2,331,659","$421,108",,,,,,2016,2017,5933333.5,24.0,82.0,32.0,50.0,2033.0,625.0,231.0,588.0,39.3,77.0,224.0,34.4,86.0,114.0,75.4,43.0,245.0,288.0,207.0,61.0,77.0,22.0,177.0,-104.0
179,Tyler Johnson,,,,,,,,,,,,"$348,753","$1,049,289","$6,919,144","$7,041,715","$22,630,411","$211,830","$2,331,659","$280,738",,,,,,2016,2019,7719436.25,24.0,36.0,19.0,17.0,863.0,314.0,118.0,243.0,48.6,27.0,71.0,38.0,51.0,64.0,79.7,28.0,81.0,109.0,79.0,47.0,24.0,14.0,66.0,9.0
180,JaMychal Green,,,,,,,,,,,,"$304,228","$1,049,289","$1,205,355","$10,322,387","$9,485,502","$5,514,554","$8,275,379","$8,942,900","$8,200,000",,,,,2019,2020,4767000.0,29.0,65.0,31.0,34.0,1371.0,611.0,230.0,476.0,48.3,71.0,176.0,40.3,80.0,101.0,79.2,104.0,305.0,409.0,50.0,87.0,45.0,34.0,193.0,-214.0
181,JaMychal Green,,,,,,,,,,,,"$304,228","$1,049,289","$1,205,355","$10,322,387","$9,485,502","$5,514,554","$8,275,379","$8,942,900","$8,200,000",,,,,2017,2018,8300000.0,27.0,77.0,40.0,37.0,2101.0,689.0,250.0,500.0,50.0,55.0,145.0,37.9,134.0,167.0,80.2,167.0,377.0,544.0,84.0,94.0,47.0,34.0,248.0,-28.0
182,Jahlil Okafor,,,,,,,,,,,,,"$5,690,202","$5,887,468","$6,042,371","$1,842,625","$1,969,467","$2,164,160","$2,322,997",,,,,,2018,2019,1634746.5,22.0,28.0,7.0,21.0,353.0,176.0,77.0,138.0,55.8,1.0,4.0,25.0,21.0,29.0,72.4,21.0,64.0,85.0,12.0,21.0,3.0,18.0,51.0,-163.0
183,Willie Cauley-Stein,,,,,,,,,,,,,"$4,219,561","$4,365,847","$4,480,755","$5,523,000","$2,518,952","$4,712,526","$4,602,412","$155,738",,,,,2019,2020,2177483.0,25.0,81.0,39.0,42.0,2213.0,965.0,412.0,741.0,55.6,1.0,2.0,50.0,140.0,254.0,55.1,181.0,497.0,678.0,194.0,84.0,96.0,51.0,227.0,54.0
184,Boban Marjanovic,,,,,,,,,,,,,"$1,490,010","$6,919,144","$7,114,294","$11,160,053","$4,048,865","$4,022,888","$3,817,091","$4,101,478",,,,,2016,2018,7000000.0,27.0,54.0,47.0,7.0,508.0,297.0,105.0,174.0,60.3,0.0,0.0,0.0,87.0,114.0,76.3,73.0,121.0,194.0,21.0,29.0,12.0,23.0,54.0,54.0
185,Montrezl Harrell,,,,,,,,,,,,,"$1,241,675","$1,284,738","$1,779,864","$7,055,331","$6,940,911","$10,641,113","$10,601,590","$2,463,490","$2,891,467",$0,$0,$0,2018,2019,6000000.0,24.0,76.0,39.0,37.0,1293.0,836.0,348.0,548.0,63.5,1.0,7.0,14.3,139.0,222.0,62.6,103.0,203.0,306.0,74.0,68.0,36.0,52.0,143.0,53.0
186,Raul Neto,,,,,,,,,,,,,"$1,043,007","$1,079,179","$1,779,864","$2,469,366","$2,009,561","$2,164,160","$2,278,746","$2,463,490",,,,,2018,2019,1918572.5,26.0,41.0,28.0,13.0,498.0,183.0,69.0,151.0,45.7,19.0,47.0,40.4,26.0,35.0,74.3,7.0,42.0,49.0,75.0,36.0,13.0,4.0,38.0,119.0
187,Pat Connaughton,,,,,,,,,,,,,"$776,162","$1,075,290","$1,779,864","$1,929,633","$1,993,256","$5,676,034","$5,816,521","$5,728,393","$9,423,869","$9,423,869","$9,423,869",$0,2018,2019,1682025.0,25.0,82.0,49.0,33.0,1488.0,441.0,165.0,390.0,42.3,74.0,210.0,35.2,37.0,44.0,84.1,36.0,125.0,161.0,91.0,43.0,23.0,22.0,120.0,141.0
188,Christian Wood,,,,,,,,,,,,,"$421,874","$1,075,290",,"$1,778,650","$1,903,379","$14,960,401","$14,904,833","$14,317,459",,,,,2016,2017,874636.0,20.0,17.0,0.0,17.0,145.0,61.0,22.0,53.0,41.5,4.0,11.0,36.4,13.0,21.0,61.9,13.0,25.0,38.0,3.0,2.0,5.0,7.0,11.0,-49.0
189,Fred VanVleet,,,,,,,,,,,,,,"$668,151","$1,587,806","$10,175,960","$10,811,804","$24,424,678","$21,458,517","$21,250,000","$40,806,300","$42,846,615","$44,886,930",$0,2018,2019,9000000.0,24.0,76.0,55.0,21.0,1520.0,656.0,232.0,545.0,42.6,108.0,261.0,41.4,84.0,101.0,83.2,25.0,159.0,184.0,243.0,74.0,68.0,19.0,130.0,352.0
190,Bryn Forbes,,,,,,,,,,,,,,"$668,151","$1,587,806","$3,674,651","$3,325,853","$2,686,306","$4,907,689","$2,298,385",,,,,2018,2019,3000000.0,24.0,80.0,46.0,34.0,1517.0,555.0,209.0,497.0,42.1,89.0,228.0,39.0,48.0,72.0,66.7,12.0,98.0,110.0,80.0,37.0,28.0,2.0,108.0,122.0
191,Davis Bertans,,,,,,,,,,,,,,"$668,151","$1,587,806","$8,231,220","$8,097,730","$17,240,949","$17,449,561","$16,000,000","$17,000,000","$16,000,000",$0,$0,2018,2019,7000000.0,25.0,77.0,43.0,34.0,1086.0,456.0,161.0,366.0,44.0,94.0,252.0,37.3,40.0,49.0,81.6,18.0,135.0,153.0,74.0,36.0,26.0,28.0,93.0,89.0
192,Patrick McCaw,,,,,,,,,,,,,,"$668,151","$1,587,806","$1,133,678","$4,627,274","$4,597,586",,,,,,,2018,2019,2482052.0,22.0,57.0,41.0,16.0,961.0,229.0,92.0,225.0,40.9,19.0,80.0,23.8,26.0,34.0,76.5,16.0,66.0,82.0,81.0,41.0,43.0,10.0,67.0,-85.0
193,Quinn Cook,,,,,,,,,,,,,,"$117,904","$229,630","$1,816,690","$3,470,455","$2,277,700",,,,,,,2017,2018,867391.5,24.0,14.0,9.0,5.0,187.0,79.0,33.0,66.0,50.0,11.0,26.0,42.3,2.0,5.0,40.0,1.0,6.0,7.0,26.0,13.0,4.0,0.0,13.0,-41.0
194,Quinn Cook,,,,,,,,,,,,,,"$117,904","$229,630","$1,816,690","$3,470,455","$2,277,700",,,,,,,2019,2020,3000000.0,26.0,74.0,49.0,25.0,1059.0,509.0,204.0,439.0,46.5,81.0,200.0,40.5,20.0,26.0,76.9,22.0,135.0,157.0,116.0,50.0,20.0,3.0,92.0,-133.0
195,Quinn Cook,,,,,,,,,,,,,,"$117,904","$229,630","$1,816,690","$3,470,455","$2,277,700",,,,,,,2017,2018,867391.5,24.0,14.0,9.0,5.0,187.0,79.0,33.0,66.0,50.0,11.0,26.0,42.3,2.0,5.0,40.0,1.0,6.0,7.0,26.0,13.0,4.0,0.0,13.0,-41.0
196,Shaquille Harrison,,,,,,,,,,,,,,,"$278,703","$1,558,676","$1,874,698","$1,051,752","$336,441","$134,862",,,,,2018,2019,1473047.5,24.0,23.0,3.0,20.0,384.0,152.0,59.0,124.0,47.6,6.0,26.0,23.1,28.0,38.0,73.7,9.0,52.0,61.0,55.0,22.0,26.0,7.0,42.0,47.0
197,Edmond Sumner,,,,,,,,,,,,,,,"$93,445","$528,907","$2,313,637","$2,482,696","$2,530,186","$1,968,175",,,,,2018,2019,1224897.0,22.0,1.0,0.0,1.0,2.0,2.0,1.0,1.0,100.0,0.0,0.0,0.0,0.0,0.0,0.0,0.0,1.0,1.0,0.0,0.0,0.0,0.0,1.0,-6.0
198,Torrey Craig,,,,,,,,,,,,,,,"$93,445","$2,351,777","$2,313,637","$1,929,669","$5,319,988","$5,121,951","$2,528,233","$2,845,342",$0,$0,2018,2019,2000000.0,27.0,39.0,22.0,17.0,629.0,163.0,62.0,137.0,45.3,17.0,58.0,29.3,22.0,35.0,62.9,40.0,87.0,127.0,25.0,20.0,12.0,15.0,63.0,-61.0
