,player_name,0304_salary_adjusted,0405_salary_adjusted,0506_salary_adjusted,0607_salary_adjusted,0708_salary_adjusted,0809_salary_adjusted,0910_salary_adjusted,1011_salary_adjusted,1112_salary_adjusted,1213_salary_adjusted,1314_salary_adjusted,1415_salary_adjusted,1516_salary_adjusted,1617_salary_adjusted,1718_salary_adjusted,1819_salary_adjusted,1920_salary_adjusted,2021_salary_adjusted,2122_salary_adjusted,2223_salary_adjusted,2324_salary,2425_salary_predicted,2526_salary_predicted,2627_salary_predicted,CONTRACT_START,CONTRACT_END,AVG_SALARY,AGE,GP,W,L,MIN,PTS,FGM,FGA,FG%,3PM,3PA,3P%,FTM,FTA,FT%,OREB,DREB,REB,AST,TOV,STL,BLK,PF,+/-
0,LeBron James,6482581,6748393,7041080,8511223,18546814,19514263,21677854,19711923,21033142,22654792,24196202,25665376,28521911,38066911,40264218,41925309,43307655,45078836,44911401,44474988,47607350,51415938,0,0,2016,2017,32124579,31,76,56,20,2709,1920,737,1416,52,87,282,30,359,491,73,111,454,565,514,249,104,49,143,618
1,LeBron James,6482581,6748393,7041080,8511223,18546814,19514263,21677854,19711923,21033142,22654792,24196202,25665376,28521911,38066911,40264218,41925309,43307655,45078836,44911401,44474988,47607350,51415938,0,0,2015,2016,26966975,30,69,50,19,2493,1743,624,1279,48,120,339,35,375,528,71,51,365,416,511,272,109,49,135,541
2,Tyson Chandler,6136492,7499311,13711048,13362472,14577195,15369740,16279088,17128982,17206990,17566261,17893246,18147033,16141783,15263179,15725512,15974446,2966954,0,0,0,0,0,0,0,2011,2014,13852362,28,74,54,20,2059,748,266,407,65,0,0,0,216,295,73,206,486,692,32,88,36,80,240,295
3,Tyson Chandler,6136492,7499311,13711048,13362472,14577195,15369740,16279088,17128982,17206990,17566261,17893246,18147033,16141783,15263179,15725512,15974446,2966954,0,0,0,0,0,0,0,2015,2018,13000000,32,75,47,28,2286,771,293,440,66,0,0,0,185,257,72,294,570,864,84,105,42,91,169,230
4,Carmelo Anthony,5208750,5422257,5657544,6855081,18546814,19514263,21677854,23313418,24309802,25114603,27270296,27920565,28403331,30193655,31745891,2814944,2497605,2947918,2881021,0,0,0,0,0,2014,2018,19706085,30,77,35,42,2982,2112,743,1643,45,167,415,40,459,541,84,145,477,622,242,198,95,51,224,104
5,Carmelo Anthony,5208750,5422257,5657544,6855081,18546814,19514263,21677854,23313418,24309802,25114603,27270296,27920565,28403331,30193655,31745891,2814944,2497605,2947918,2881021,0,0,0,0,0,2012,2013,20470000,28,55,29,26,1876,1245,441,1025,43,68,203,33,295,367,80,88,256,344,200,144,62,24,156,108
6,Kyle Korver,591865,968510,5530676,5868070,6257527,6712335,7081904,6797215,6563626,6456196,8578993,7774455,7135263,6441439,8467583,8889718,2966954,0,0,0,0,0,0,0,2017,2019,5708251,36,67,33,34,1753,678,239,515,46,162,359,45,38,42,90,7,179,186,110,69,34,21,107,-169
7,Kyle Korver,591865,968510,5530676,5868070,6257527,6712335,7081904,6797215,6563626,6456196,8578993,7774455,7135263,6441439,8467583,8889718,2966954,0,0,0,0,0,0,0,2013,2016,6000000,32,74,41,33,2259,810,277,601,46,189,414,45,67,78,85,23,270,293,146,70,70,37,170,199
8,Zaza Pachulia,591865,968510,6093799,5841517,5688661,5416648,6525372,5779332,6235445,6777391,6598675,6464705,6456713,3562842,4206695,2814944,0,0,0,0,0,0,0,0,2013,2015,5200000,29,52,29,23,1134,306,114,241,47,0,3,0,78,103,75,132,204,336,79,70,35,12,128,-26
9,Udonis Haslem,591865,968510,7617249,8068596,8604100,8903616,9753715,4758050,4962101,5242431,5507356,3396456,3544909,4917657,2816865,2814944,2966954,2947918,2881021,2905851,0,0,0,0,2014,2015,2793470,34,46,30,16,653,173,74,146,50,0,0,0,25,44,56,42,133,175,13,24,11,15,79,-69
10,Dwight Howard,0,6528713,6845104,7019635,8620134,18630563,20884751,22630892,23749525,24870817,26030733,26649840,27763078,28891238,28426888,28523206,2966954,2947918,2881021,0,0,0,0,0,2018,2019,13410739,32,81,35,46,2463,1347,506,911,55,1,7,14,334,582,57,255,757,1012,105,208,48,131,249,89
11,Dwight Howard,0,6528713,6845104,7019635,8620134,18630563,20884751,22630892,23749525,24870817,26030733,26649840,27763078,28891238,28426888,28523206,2966954,2947918,2881021,0,0,0,0,0,2016,2018,23752241,30,71,34,37,2280,976,372,600,62,0,6,0,232,474,48,238,597,835,98,166,69,113,219,18
12,Dwight Howard,0,6528713,6845104,7019635,8620134,18630563,20884751,22630892,23749525,24870817,26030733,26649840,27763078,28891238,28426888,28523206,2966954,2947918,2881021,0,0,0,0,0,2013,2016,21952203,27,76,42,34,2722,1296,470,813,57,1,6,16,355,721,49,251,694,945,108,225,84,186,291,138
13,Devin Harris,0,4282810,4490277,4604751,5681554,10562465,11539606,12209157,12233287,10975533,1614491,4822292,5033065,5197959,5325561,2814944,0,0,0,0,0,0,0,0,2014,2017,4140721,31,40,24,16,818,315,96,254,37,31,101,30,92,115,80,8,77,85,178,59,28,2,72,156
14,Andre Iguodala,0,2990413,3135259,3215229,3989016,15302032,16759905,16782664,17763471,19004782,16329986,15278514,14540588,13685064,17920812,18814218,19880142,17240949,2881021,2905851,0,0,0,0,2013,2016,12000000,29,80,57,23,2779,1038,396,879,45,91,287,31,155,270,57,82,341,423,433,206,139,52,127,380
15,Trevor Ariza,0,601801,1039070,4527176,4408712,4197902,8042006,8594833,8914245,9373054,9805733,10691627,10181740,9589432,8951445,17638329,14113187,14712276,2881021,0,0,0,0,0,2014,2017,8000000,28,77,41,36,2723,1107,389,853,45,180,442,40,149,193,77,99,376,475,191,132,126,20,179,196
16,Chris Paul,0,0,4790092,4936316,5142493,6194193,18573958,20310286,21475931,22957532,23689793,24949488,26657156,28115265,29357063,41925309,44545016,47537680,33590405,28400000,30800000,30800000,0,0,2013,2017,21468695,28,70,50,20,2335,1186,412,856,48,76,232,32,286,323,88,53,209,262,678,159,169,10,143,432
17,Raymond Felton,0,0,4337810,4469987,4656795,5618034,7557337,10195822,9924203,5164956,5304320,5420406,5637207,1907631,2816865,2814944,0,0,0,0,0,0,0,0,2012,2015,4270000,28,60,28,32,1906,684,261,642,40,62,203,30,100,124,80,27,122,149,390,170,78,10,122,142
18,Jose Calderon,0,0,3336355,3407553,3515029,10072282,11290968,12234987,12839756,14263791,8618340,8823316,9191891,9476851,2816865,2814944,0,0,0,0,0,0,0,0,2013,2016,7250000,31,73,23,50,2159,826,312,635,49,130,282,46,72,80,90,20,156,176,518,126,58,8,99,-251
19,LaMarcus Aldridge,0,0,0,5881415,6157065,6271666,8029405,15285577,16241038,16786110,17892563,18896830,24447352,25295207,25960414,26277600,30077284,20261954,2881021,0,0,0,0,0,2015,2018,21018007,29,71,48,23,2512,1661,659,1415,46,37,105,35,306,362,84,177,549,726,124,122,48,68,125,338
20,Rudy Gay,0,0,0,3274594,3429068,3492925,4507311,18493523,19733077,21254484,22700627,24015541,15400628,16392191,10168358,11861423,16773870,16666250,6423619,6184500,6479000,0,0,0,2017,2018,9246600,30,30,11,19,1013,562,201,442,45,42,113,37,118,138,85,35,155,190,83,74,44,26,79,66
21,Rudy Gay,0,0,0,3274594,3429068,3492925,4507311,18493523,19733077,21254484,22700627,24015541,15400628,16392191,10168358,11861423,16773870,16666250,6423619,6184500,6479000,0,0,0,2015,2017,11380811,28,68,25,43,2408,1432,508,1116,45,79,220,35,337,393,85,98,301,399,250,183,71,41,157,-107
22,Thabo Sefolosha,0,0,0,2452386,2567236,2615103,3791074,4418189,4331993,4648461,4949006,4972850,4966702,4917657,6350687,6173415,2966954,0,0,0,0,0,0,0,2017,2018,5250000,33,62,32,30,1596,444,174,395,44,41,120,34,55,75,73,54,216,270,107,58,96,31,97,-65
23,Thabo Sefolosha,0,0,0,2452386,2567236,2615103,3791074,4418189,4331993,4648461,4949006,4972850,4966702,4917657,6350687,6173415,2966954,0,0,0,0,0,0,0,2014,2016,4000000,30,61,44,17,1584,383,141,340,41,48,152,31,53,69,76,50,170,220,94,55,79,17,90,119
24,Rajon Rondo,0,0,0,1670089,1748239,1780831,2877925,12358575,13186923,14203631,15227713,16048742,11795918,17211801,7620824,10582997,2966954,8620474,8179481,0,0,0,0,0,2019,2020,2564753,33,46,19,27,1369,424,175,432,40,51,142,35,23,36,63,34,209,243,367,127,57,7,100,-245
25,Rajon Rondo,0,0,0,1670089,1748239,1780831,2877925,12358575,13186923,14203631,15227713,16048742,11795918,17211801,7620824,10582997,2966954,8620474,8179481,0,0,0,0,0,2016,2017,10150000,30,72,29,43,2537,859,355,782,45,62,170,36,87,150,58,77,358,435,839,278,141,10,175,-154
26,Kyle Lowry,0,0,0,1477495,1546860,1575594,2795602,7816797,7548170,7424625,7880341,14918550,14900108,14752972,34963505,38451558,38517776,35056596,29428824,28333334,29682540,0,0,0,2017,2019,31633333,31,60,36,24,2244,1344,426,918,46,193,468,41,299,365,81,48,238,286,417,173,88,19,170,356
27,Kyle Lowry,0,0,0,1477495,1546860,1575594,2795602,7816797,7548170,7424625,7880341,14918550,14900108,14752972,34963505,38451558,38517776,35056596,29428824,28333334,29682540,0,0,0,2014,2017,16225926,28,79,45,34,2862,1417,457,1080,42,190,500,38,313,385,81,88,281,369,586,194,121,15,267,269
28,Paul Millsap,0,0,0,912737,977676,1080054,10568263,10331767,10637584,9296922,12055273,11810518,23184144,24676846,37220149,34372128,35109446,11608905,2881021,0,0,0,0,0,2017,2019,30116666,32,69,40,29,2343,1246,430,972,44,75,241,31,311,405,76,111,422,533,252,158,90,62,186,135
29,Paul Millsap,0,0,0,912737,977676,1080054,10568263,10331767,10637584,9296922,12055273,11810518,23184144,24676846,37220149,34372128,35109446,11608905,2881021,0,0,0,0,0,2013,2014,9500000,28,78,41,37,2375,1135,429,875,49,13,39,33,264,356,74,177,377,554,201,138,102,80,232,4
30,Paul Millsap,0,0,0,912737,977676,1080054,10568263,10331767,10637584,9296922,12055273,11810518,23184144,24676846,37220149,34372128,35109446,11608905,2881021,0,0,0,0,0,2015,2017,23170974,30,73,55,18,2390,1218,443,930,47,77,216,35,255,337,75,139,431,570,223,166,130,69,201,408
31,Kevin Durant,0,0,0,0,5932136,6072117,6589774,8229609,20355949,22659748,23822712,24861158,27281911,32628781,30241370,35276658,43032497,46101091,45825710,44119845,47649433,51179020,54708608,0,2016,2017,25770050,27,72,52,20,2578,2029,698,1381,50,186,481,38,447,498,89,45,544,589,361,250,69,85,137,646
32,Kevin Durant,0,0,0,0,5932136,6072117,6589774,8229609,20355949,22659748,23822712,24861158,27281911,32628781,30241370,35276658,43032497,46101091,45825710,44119845,47649433,51179020,54708608,0,2018,2019,33599500,29,68,49,19,2325,1792,630,1222,51,173,413,41,359,404,88,31,433,464,366,207,50,119,133,351
33,Kevin Durant,0,0,0,0,5932136,6072117,6589774,8229609,20355949,22659748,23822712,24861158,27281911,32628781,30241370,35276658,43032497,46101091,45825710,44119845,47649433,51179020,54708608,0,2011,2015,18759601,22,78,52,26,3038,2161,711,1538,46,145,414,35,594,675,88,57,476,533,214,218,88,76,159,269
34,Kevin Durant,0,0,0,0,5932136,6072117,6589774,8229609,20355949,22659748,23822712,24861158,27281911,32628781,30241370,35276658,43032497,46101091,45825710,44119845,47649433,51179020,54708608,0,2017,2018,27500000,28,62,51,11,2070,1555,551,1026,53,117,312,37,336,384,87,39,474,513,300,138,66,99,117,711
35,Al Horford,0,0,0,0,5327147,5452831,5917675,7401972,15752704,15494870,15227713,14918550,14900108,32628781,33549057,34016941,32390922,31608407,29446134,26500000,10000000,9500000,0,0,2011,2015,12000000,25,77,41,36,2704,1178,513,921,55,2,4,50,150,188,79,182,536,718,266,119,59,80,193,44
36,Al Horford,0,0,0,0,5327147,5452831,5917675,7401972,15752704,15494870,15227713,14918550,14900108,32628781,33549057,34016941,32390922,31608407,29446134,26500000,10000000,9500000,0,0,2016,2019,27800803,30,82,48,34,2631,1249,529,1048,50,88,256,34,103,129,79,148,448,596,263,107,68,121,163,231
37,Mike Conley,0,0,0,0,4802880,4916258,5335419,6678953,8679177,9271097,10024911,10890541,12019420,32628781,34512187,35889432,37610051,39656633,22902549,22680000,24360000,0,0,0,2011,2015,8026314,23,81,46,35,2872,1107,423,953,44,80,217,36,181,247,73,32,215,247,528,176,144,18,182,297
38,Thaddeus Young,0,0,0,0,2603586,2665153,2892320,3944071,9816903,10380440,10913194,11388908,13951412,14849668,15630371,16184984,14922960,15568577,15475579,8000000,8000000,0,0,0,2011,2014,8319565,23,82,41,41,2135,1045,458,847,54,6,22,27,123,174,70,153,281,434,82,99,90,26,170,161
39,Thaddeus Young,0,0,0,0,2603586,2665153,2892320,3944071,9816903,10380440,10913194,11388908,13951412,14849668,15630371,16184984,14922960,15568577,15475579,8000000,8000000,0,0,0,2015,2018,12500000,27,76,25,51,2434,1071,451,968,46,38,115,33,131,200,65,127,284,411,173,117,124,25,171,-214
40,Jared Dudley,0,0,0,0,1617002,1655219,1796387,2924254,5579082,5487766,5393148,5283653,5277121,12871968,12096548,11206218,2966954,2947918,0,0,0,0,0,0,2011,2015,4250000,25,82,40,42,2140,867,300,629,47,105,253,41,162,218,74,111,207,318,108,77,87,20,139,-31
41,Jared Dudley,0,0,0,0,1617002,1655219,1796387,2924254,5579082,5487766,5393148,5283653,5277121,12871968,12096548,11206218,2966954,2947918,0,0,0,0,0,0,2016,2018,10000000,30,81,40,41,2098,638,233,487,47,100,238,42,72,98,73,54,232,286,171,80,75,18,190,60
42,Wilson Chandler,0,0,0,0,1552492,1589082,1724676,2896268,0,7657584,8050592,8397792,12974812,13810191,14536245,15052035,2966954,0,0,0,0,0,0,0,2015,2018,11625000,28,78,28,50,2471,1085,418,975,42,139,406,34,110,142,77,96,379,475,134,110,58,29,231,-217
43,Wilson Chandler,0,0,0,0,1552492,1589082,1724676,2896268,0,7657584,8050592,8397792,12974812,13810191,14536245,15052035,2966954,0,0,0,0,0,0,0,2011,2015,7369732,24,72,41,31,2400,1100,429,953,45,112,320,35,130,161,80,75,333,408,120,104,48,94,199,175
44,Ian Mahinmi,0,0,0,0,1335071,1366620,1483169,1036162,1202262,5164956,5075904,4972850,4966702,19670630,19354477,18814218,17872907,0,0,0,0,0,0,0,2012,2015,4000000,25,61,36,25,1139,354,130,238,54,0,1,0,94,147,63,108,181,289,12,50,38,31,176,69
45,Derrick Rose,0,0,0,0,0,6530853,7122245,7539688,9180818,21179551,22375460,23450563,24949068,26215113,3064645,2559039,8464527,8830729,14663215,14520730,3196448,3356271,0,0,2012,2016,18862876,23,39,32,7,1374,852,302,695,43,54,173,31,194,239,81,26,105,131,307,119,35,28,52,290
46,Russell Westbrook,0,0,0,0,0,4731009,5159358,5461861,6671816,17649626,18646215,19542134,20790888,32628781,34232504,41938067,44545016,47537680,48216568,47080179,3835738,4027525,0,0,2016,2018,30168166,27,80,55,25,2749,1878,656,1444,45,101,341,29,465,573,81,145,481,626,834,342,163,20,200,634
47,Russell Westbrook,0,0,0,0,0,4731009,5159358,5461861,6671816,17649626,18646215,19542134,20790888,32628781,34232504,41938067,44545016,47537680,48216568,47080179,3835738,4027525,0,0,2012,2016,17473207,23,66,47,19,2331,1558,578,1266,45,62,196,31,340,413,82,96,205,301,362,239,112,21,147,368
48,Kevin Love,0,0,0,0,0,4284135,4672221,4946034,6051271,17649626,18646215,19542135,24447352,26021385,27389428,28361287,33481605,35928133,34090178,30556968,3835738,4027525,0,0,2012,2014,14693906,23,55,24,31,2145,1432,474,1059,44,105,282,37,379,460,82,226,508,734,111,128,47,28,152,26
49,Kevin Love,0,0,0,0,0,4284135,4672221,4946034,6051271,17649626,18646215,19542135,24447352,26021385,27389428,28361287,33481605,35928133,34090178,30556968,3835738,4027525,0,0,2015,2019,23311776,26,75,50,25,2532,1228,413,952,43,144,392,36,258,321,80,142,589,731,168,122,51,39,140,399
50,Marc Gasol,0,0,0,0,0,4188874,4450991,4730861,16963292,17937067,18857648,19679666,24447352,26021385,27389428,28361287,29609583,2947918,2936969,0,0,0,0,0,2015,2019,22642350,30,81,55,26,2687,1413,530,1072,49,3,17,17,350,440,79,115,515,630,307,176,70,131,208,225
51,Marc Gasol,0,0,0,0,0,4188874,4450991,4730861,16963292,17937067,18857648,19679666,24447352,26021385,27389428,28361287,29609583,2947918,2936969,0,0,0,0,0,2011,2014,14375941,26,81,46,35,2586,951,364,691,52,3,7,42,220,294,74,154,415,569,200,146,74,136,265,138
52,Danilo Gallinari,0,0,0,0,0,3891212,4243607,4492361,5500558,12188007,12876205,13494885,17383459,18502686,24870018,25384588,26162100,22413234,22329985,19479000,6802950,0,0,0,2017,2019,21587579,28,63,31,32,2134,1145,335,750,44,126,324,38,349,387,90,39,286,325,135,82,40,15,93,159
53,Danilo Gallinari,0,0,0,0,0,3891212,4243607,4492361,5500558,12188007,12876205,13494885,17383459,18502686,24870018,25384588,26162100,22413234,22329985,19479000,6802950,0,0,0,2015,2017,16536533,26,59,23,36,1426,734,228,568,40,107,301,35,171,191,89,31,187,218,83,57,47,20,94,18
54,Danilo Gallinari,0,0,0,0,0,3891212,4243607,4492361,5500558,12188007,12876205,13494885,17383459,18502686,24870018,25384588,26162100,22413234,22329985,19479000,6802950,0,0,0,2012,2015,11110193,23,43,27,16,1351,628,193,466,41,60,183,32,182,209,87,28,174,202,116,68,42,23,86,218
55,Eric Gordon,0,0,0,0,0,3552238,3873845,4101004,5029292,17649626,18125856,18522546,19263394,15227114,15656586,15874937,16262244,19389478,19869398,19568360,3196448,3356271,0,0,2012,2015,14591390,23,9,6,3,310,185,63,140,45,10,40,25,49,65,75,2,23,25,31,24,13,4,20,34
56,Eric Gordon,0,0,0,0,0,3552238,3873845,4101004,5029292,17649626,18125856,18522546,19263394,15227114,15656586,15874937,16262244,19389478,19869398,19568360,3196448,3356271,0,0,2016,2019,13221697,27,45,14,31,1481,686,231,552,41,113,294,38,111,125,88,10,89,99,121,73,43,14,98,-70
57,Brook Lopez,0,0,0,0,0,2841790,3057830,3280771,4039233,17648658,18646335,19542057,24447352,26021385,27389428,3976855,13989435,14594664,14507483,13906976,25000000,23000000,0,0,2015,2017,21165675,27,72,34,38,2100,1236,506,987,51,1,10,10,223,274,81,214,321,535,50,104,43,126,206,-104
58,Brook Lopez,0,0,0,0,0,2841790,3057830,3280771,4039233,17648658,18646335,19542057,24447352,26021385,27389428,3976855,13989435,14594664,14507483,13906976,25000000,23000000,0,0,2012,2014,14693666,24,5,2,3,136,96,38,77,49,0,0,0,20,32,62,8,10,18,6,6,1,4,8,-27
59,Goran Dragic,0,0,0,0,0,2302075,2522228,2680821,2767225,9684294,9517320,9324093,18355691,19537515,20564676,21294372,22231625,20689139,21101870,3523762,0,0,0,0,2015,2019,17000450,29,78,41,37,2640,1275,502,1002,50,90,259,34,181,234,77,81,193,274,350,173,78,15,195,20
60,Goran Dragic,0,0,0,0,0,2302075,2522228,2680821,2767225,9684294,9517320,9324093,18355691,19537515,20564676,21294372,22231625,20689139,21101870,3523762,0,0,0,0,2012,2015,9320750,26,66,34,32,1752,775,277,600,46,68,202,33,153,190,80,53,115,168,351,157,85,10,166,69
61,Robin Lopez,0,0,0,0,0,2198780,2397930,2538515,3757810,6326159,6496854,6639039,15707197,16251936,16679325,16883114,5514554,8390595,5452987,2905851,3196448,0,0,0,2015,2018,13503875,27,59,38,21,1638,566,234,437,53,0,1,0,98,127,77,190,204,394,55,73,16,84,122,146
62,Robin Lopez,0,0,0,0,0,2198780,2397930,2538515,3757810,6326159,6496854,6639039,15707197,16251936,16679325,16883114,5514554,8390595,5452987,2905851,3196448,0,0,0,2019,2020,4767000,31,74,20,54,1606,704,304,535,56,7,31,22,89,123,72,140,146,286,89,96,11,78,124,-142
63,Robin Lopez,0,0,0,0,0,2198780,2397930,2538515,3757810,6326159,6496854,6639039,15707197,16251936,16679325,16883114,5514554,8390595,5452987,2905851,3196448,0,0,0,2012,2014,5119761,24,64,32,32,895,348,124,269,46,0,0,0,100,140,71,90,119,209,20,43,18,60,128,-64
64,JaVale McGee,0,0,0,0,0,1885318,2056028,2176522,3232454,12912392,13641493,13986140,16478233,1725619,2560784,2814944,4627274,4827465,5452987,5461219,5734280,6007341,0,0,2012,2015,11317741,24,61,22,39,1535,691,307,552,55,0,0,0,77,167,46,163,314,477,31,87,35,132,166,-305
65,Nicolas Batum,0,0,0,0,0,1409195,1536910,1626927,2829402,15430309,13857536,14160812,14727204,25657344,27138343,28221327,29574319,13342461,13116613,19700319,11710818,0,0,0,2016,2020,23217391,27,70,41,29,2448,1046,372,873,42,139,399,34,163,192,84,55,373,428,403,205,65,43,114,211
66,Nicolas Batum,0,0,0,0,0,1409195,1536910,1626927,2829402,15430309,13857536,14160812,14727204,25657344,27138343,28221327,29574319,13342461,13116613,19700319,11710818,0,0,0,2012,2015,11530375,23,59,27,32,1791,818,289,641,45,107,274,39,133,159,83,81,190,271,84,90,57,60,105,-59
67,George Hill,0,0,0,0,0,1362557,1485971,1573093,2738817,10329913,10151808,9945700,9933405,9835315,24193096,22341883,11723092,11023405,5753437,4000000,0,0,0,0,2012,2016,8000000,26,50,35,15,1274,481,168,380,44,54,147,36,91,117,77,31,120,151,145,52,42,17,98,77
68,George Hill,0,0,0,0,0,1362557,1485971,1573093,2738817,10329913,10151808,9945700,9933405,9835315,24193096,22341883,11723092,11023405,5753437,4000000,0,0,0,0,2017,2019,16377969,31,49,33,16,1544,829,289,606,47,94,233,40,157,196,80,23,144,167,204,85,50,11,114,258
69,DeAndre Jordan,0,0,0,0,0,744789,1011666,1161493,13231489,13600593,13941669,14222504,24447352,26021385,27389428,26924557,11431216,11925769,12115804,10733758,3196448,0,0,0,2011,2014,10759763,22,80,31,49,2047,566,234,341,68,0,1,0,98,217,45,207,368,575,42,101,41,142,255,-100
70,DeAndre Jordan,0,0,0,0,0,744789,1011666,1161493,13231489,13600593,13941669,14222504,24447352,26021385,27389428,26924557,11431216,11925769,12115804,10733758,3196448,0,0,0,2015,2018,21598556,26,82,56,26,2820,946,379,534,71,1,4,25,187,471,39,397,829,1226,61,109,81,183,245,622
71,Blake Griffin,0,0,0,0,0,0,6846118,7282916,7523334,9331645,20814380,21921178,23421574,24702702,35700422,37480194,39852360,38964821,35341704,2905851,0,0,0,0,2013,2017,20500805,24,80,55,25,2598,1440,577,1072,53,5,28,17,281,426,66,186,476,662,299,185,97,50,231,387
72,James Harden,0,0,0,0,0,0,5569453,5851749,6044785,7515549,17345317,18267647,19517976,32628781,34232504,35946915,44189315,47418265,48325294,33000000,35640000,0,0,0,2016,2019,30902124,26,82,41,41,3125,2376,710,1617,43,236,657,35,720,837,86,63,438,501,612,374,139,51,229,124
73,James Harden,0,0,0,0,0,0,5569453,5851749,6044785,7515549,17345317,18267647,19517976,32628781,34232504,35946915,44189315,47418265,48325294,33000000,35640000,0,0,0,2013,2017,19784243,23,78,43,35,2985,2023,585,1337,43,179,486,36,674,792,85,62,317,379,455,295,142,38,178,195
74,Stephen Curry,0,0,0,0,0,0,3723666,3961199,4091922,5111683,12547181,13214370,14118828,14891108,41953914,44045441,46540848,49431367,49928610,48070014,51915615,55761217,59606817,0,2013,2016,11000000,25,78,45,33,2983,1786,626,1388,45,272,600,45,262,291,90,59,255,314,539,240,126,12,198,133
75,DeMar DeRozan,0,0,0,0,0,0,3135805,3335910,3445904,4318226,12055273,11810518,11795918,32628781,33555794,32619121,32090120,31884233,28355537,27300000,28600000,0,0,0,2013,2016,13760025,23,82,34,48,3013,1485,548,1231,44,34,120,28,355,427,83,48,272,320,204,151,76,24,173,-112
76,James Johnson,0,0,0,0,0,0,2189887,2329541,2406383,3630972,643889,3108031,3104189,4917657,16613399,16957137,17756472,18444482,2881021,3841067,0,0,0,0,2014,2015,2500000,27,52,33,19,956,384,143,308,46,22,87,25,76,90,84,60,106,166,111,66,42,57,102,96
77,James Johnson,0,0,0,0,0,0,2189887,2329541,2406383,3630972,643889,3108031,3104189,4917657,16613399,16957137,17756472,18444482,2881021,3841067,0,0,0,0,2013,2014,1503704,26,54,17,37,878,276,117,283,41,2,21,9,40,67,59,49,96,145,58,68,41,50,99,-279
78,Jrue Holiday,0,0,0,0,0,0,2080261,2213064,2286032,3453872,13958737,13675337,13658432,13523558,31072000,31326979,30228956,31063605,33995380,34319520,36861707,39403894,0,0,2013,2016,11000000,23,78,34,44,2926,1383,555,1288,43,91,247,36,182,242,75,89,240,329,625,292,123,32,170,-127
79,Jeff Teague,0,0,0,0,0,0,1887385,2007679,2074001,3141683,10151808,9945700,9933405,9835315,22983441,22341883,21979554,3876714,0,0,0,0,0,0,2017,2019,19000000,29,82,42,40,2657,1254,402,909,44,90,252,35,360,415,86,33,297,330,639,216,100,32,165,49
80,Jeff Teague,0,0,0,0,0,0,1887385,2007679,2074001,3141683,10151808,9945700,9933405,9835315,22983441,22341883,21979554,3876714,0,0,0,0,0,0,2013,2016,8000000,25,80,43,37,2628,1166,439,974,45,89,248,35,199,226,88,25,155,180,579,230,117,28,181,74
81,Serge Ibaka,0,0,0,0,0,0,1538888,1637041,1691052,2909240,15544957,15229353,15210527,15060326,24267767,25477587,26921025,10641113,10601590,2905851,0,0,0,0,2017,2019,21666666,27,79,37,42,2422,1173,471,982,48,124,317,39,107,125,85,129,409,538,75,105,41,124,215,-142
82,Serge Ibaka,0,0,0,0,0,0,1538888,1637041,1691052,2909240,15544957,15229353,15210527,15060326,24267767,25477587,26921025,10641113,10601590,2905851,0,0,0,0,2013,2016,12250000,23,80,58,22,2486,1055,446,778,57,20,57,35,143,191,74,222,395,617,43,125,28,242,213,489
83,Wayne Ellington,0,0,0,0,0,0,1378653,1466567,1514937,2689705,3172440,1322012,1862513,7376486,7584535,10175052,9254549,4097314,2881021,0,0,0,0,0,2016,2017,6135000,28,76,18,58,1615,586,218,561,38,96,268,35,54,63,85,20,154,174,83,45,48,5,82,-322
84,Wayne Ellington,0,0,0,0,0,0,1378653,1466567,1514937,2689705,3172440,1322012,1862513,7376486,7584535,10175052,9254549,4097314,2881021,0,0,0,0,0,2013,2014,1781692,25,78,39,39,1661,614,226,529,42,94,240,39,68,75,90,25,141,166,104,57,45,3,81,17
85,Wayne Ellington,0,0,0,0,0,0,1378653,1466567,1514937,2689705,3172440,1322012,1862513,7376486,7584535,10175052,9254549,4097314,2881021,0,0,0,0,0,2015,2016,3750000,27,65,18,47,1675,650,254,617,41,90,243,37,52,64,81,31,179,210,105,50,33,2,77,-121
86,Wesley Matthews,0,0,0,0,0,0,628617,7837189,8053780,8399924,8724819,9007870,20372793,21079340,21633678,22765471,2966954,4164263,2135929,2905851,3196448,0,0,0,2019,2020,2564753,32,69,27,42,2091,840,279,698,40,150,403,37,132,163,81,32,138,170,160,91,54,17,160,-90
87,Wesley Matthews,0,0,0,0,0,0,628617,7837189,8053780,8399924,8724819,9007870,20372793,21079340,21633678,22765471,2966954,4164263,2135929,2905851,3196448,0,0,0,2015,2018,17699435,28,60,41,19,2024,956,337,752,44,173,445,38,109,145,75,38,184,222,139,81,77,10,132,272
88,Danny Green,0,0,0,0,0,0,628617,127996,1121578,4519337,4774522,5003930,12416756,12294144,12096548,11758886,16929054,17661459,10905975,11710528,0,0,0,0,2015,2018,10000000,28,81,55,26,2311,946,322,738,43,191,457,41,111,127,87,54,289,343,158,93,101,87,163,430
89,Danny Green,0,0,0,0,0,0,628617,127996,1121578,4519337,4774522,5003930,12416756,12294144,12096548,11758886,16929054,17661459,10905975,11710528,0,0,0,0,2012,2014,3762500,25,66,50,16,1522,603,211,477,44,102,234,43,79,100,79,54,174,228,86,67,58,46,107,244
90,Garrett Temple,0,0,0,0,0,0,247749,231612,0,739806,1162507,1219695,1366590,9835315,9677238,9407109,5514554,5479173,5354834,5155500,3196448,0,0,0,2016,2018,8000000,30,80,40,40,1951,582,201,505,39,89,258,34,91,125,72,36,176,212,140,64,69,18,195,-38
91,Garrett Temple,0,0,0,0,0,0,247749,231612,0,739806,1162507,1219695,1366590,9835315,9677238,9407109,5514554,5479173,5354834,5155500,3196448,0,0,0,2014,2015,1040843,28,75,40,35,638,138,51,141,36,6,29,20,30,43,69,21,47,68,72,42,35,11,72,-86
92,John Wall,0,0,0,0,0,0,0,6993355,7259476,7638816,9466465,17033565,18288447,19371191,21851023,22541549,44189315,47418265,48325294,47345760,0,0,0,0,2014,2018,16284036,23,82,44,38,2980,1583,579,1337,43,108,308,35,317,394,80,38,295,333,721,295,149,40,219,196
93,Derrick Favors,0,0,0,0,0,0,0,5618958,5832911,6137673,7624143,16099602,14900108,13585029,14515858,19872517,20417849,10641113,10601590,10350803,0,0,0,0,2014,2017,12000000,22,73,25,48,2201,970,390,747,52,0,1,0,190,284,66,199,438,637,91,129,75,108,236,-338
94,Derrick Favors,0,0,0,0,0,0,0,5618958,5832911,6137673,7624143,16099602,14900108,13585029,14515858,19872517,20417849,10641113,10601590,10350803,0,0,0,0,2018,2019,17275000,26,77,46,31,2153,944,395,702,56,14,63,22,140,215,65,198,354,552,102,88,54,82,164,143
95,DeMarcus Cousins,0,0,0,0,0,0,0,4587630,4762200,5011041,6239521,17033565,18288447,19371191,21851023,6275717,4048865,3507765,2223664,0,0,0,0,0,2014,2017,15562595,23,71,28,43,2298,1614,591,1191,49,0,7,0,432,595,72,218,613,831,207,251,109,91,270,-17
96,Al-Farouq Aminu,0,0,0,0,0,0,0,3484687,3617293,3806315,4695211,1219695,9986667,9443088,8853506,8180780,10709827,11173169,11272002,0,0,0,0,0,2015,2018,7500000,24,74,45,29,1366,412,147,357,41,34,124,27,84,118,71,114,228,342,59,55,70,62,137,105
97,Gordon Hayward,0,0,0,0,0,0,0,3203282,3325080,3498896,4380737,18332411,19133688,19760549,35960497,36704534,37828768,32757803,32636132,30075000,31500000,0,0,0,2014,2017,18989152,24,77,23,54,2800,1248,426,1032,41,85,280,30,311,381,81,62,329,391,400,212,110,40,155,-395
98,Gordon Hayward,0,0,0,0,0,0,0,3203282,3325080,3498896,4380737,18332411,19133688,19760549,35960497,36704534,37828768,32757803,32636132,30075000,31500000,0,0,0,2017,2020,31214295,27,73,46,27,2516,1601,545,1156,47,149,374,39,362,429,84,49,345,394,252,140,73,20,117,347
99,Paul George,0,0,0,0,0,0,0,3042922,3158732,3323804,4164783,19642757,20984318,22252400,23346338,35935979,38181442,40746583,42909529,42492492,45640084,48787676,0,0,2014,2018,20132140,24,80,54,26,2898,1737,577,1362,42,182,500,36,401,464,86,64,478,542,283,224,151,22,198,371
100,Ed Davis,0,0,0,0,0,0,0,2608988,2708204,2849816,4002173,1219695,8667892,8196096,7684369,5231528,5514554,5753132,2881021,0,0,0,0,0,2015,2017,6666666,26,79,20,59,1840,656,282,469,60,0,0,0,92,189,48,230,370,600,94,58,49,98,202,-265
101,Patrick Patterson,0,0,0,0,0,0,0,2478645,2572889,2707418,3940552,7249577,7783661,7437957,6280527,6410474,2697230,4384684,803843,0,0,0,0,0,2014,2016,6050000,25,65,37,28,1532,555,225,489,46,55,151,36,50,71,70,117,225,342,78,65,55,37,159,168
102,Patrick Patterson,0,0,0,0,0,0,0,2478645,2572889,2707418,3940552,7249577,7783661,7437957,6280527,6410474,2697230,4384684,803843,0,0,0,0,0,2017,2019,4325064,28,65,42,23,1599,445,154,384,40,94,253,37,43,60,71,62,231,293,76,38,40,23,120,347
103,Eric Bledsoe,0,0,0,0,0,0,0,2018772,2095582,2205075,3332931,16161762,16762621,17211801,17539995,17638329,18075291,19396067,19767081,1300000,1300000,1300000,0,0,2014,2018,14000000,24,43,28,15,1416,763,265,556,47,50,140,35,183,237,77,27,175,202,235,143,69,14,99,136
104,Avery Bradley,0,0,0,0,0,0,0,1927907,2001223,2105752,3186947,8939954,9598571,10166842,10655836,14110663,5514554,6476849,2881021,0,0,0,0,0,2014,2017,8000000,23,60,19,41,1855,891,361,825,43,79,200,39,90,112,80,48,178,226,85,96,63,11,145,-127
105,Avery Bradley,0,0,0,0,0,0,0,1927907,2001223,2105752,3186947,8939954,9598571,10166842,10655836,14110663,5514554,6476849,2881021,0,0,0,0,0,2019,2020,4767000,28,63,31,32,1905,625,248,608,40,86,245,35,43,50,86,43,132,175,152,89,41,16,167,-82
106,Avery Bradley,0,0,0,0,0,0,0,1927907,2001223,2105752,3186947,8939954,9598571,10166842,10655836,14110663,5514554,6476849,2881021,0,0,0,0,0,2018,2019,8383500,27,46,22,24,1433,656,259,625,41,75,203,36,63,82,76,22,94,116,94,101,51,8,92,-122
107,Quincy Pondexter,0,0,0,0,0,0,0,1459063,1514622,1593802,2824078,3911231,4199375,4447994,4661926,2546364,0,0,0,0,0,0,0,0,2014,2017,3500000,26,15,7,8,270,94,31,79,39,11,34,32,21,26,80,10,16,26,20,15,5,1,18,-106
108,Hassan Whiteside,0,0,0,0,0,0,0,992987,1000552,0,0,963726,1218515,27190650,28760155,28731970,31341708,2666650,2619110,0,0,0,0,0,2016,2019,24354884,27,73,42,31,2125,1040,413,682,60,0,0,0,214,329,65,238,627,865,29,137,44,269,201,86
109,Patrick Beverley,0,0,0,0,0,0,0,643837,0,384908,1001059,1137841,8054111,7376486,6669448,5911225,14281712,15325287,15618433,13801614,3196448,0,0,0,2015,2018,5756757,26,56,35,21,1727,568,204,532,38,115,323,35,45,60,75,67,170,237,192,83,59,23,182,71
110,Kyrie Irving,0,0,0,0,0,0,0,0,6753026,7140656,7507110,9274270,20372793,21684488,22824524,23634407,36719737,38760929,38529394,38917057,37037037,40000000,42962963,0,2015,2019,20951075,23,75,52,23,2730,1628,578,1235,46,157,378,41,315,365,86,55,182,237,389,186,114,20,146,422
111,Enes Kanter,0,0,0,0,0,0,0,0,5425861,5737440,6031849,7469352,20372793,21079340,21633679,22653027,5514554,5753132,2881021,0,0,0,0,0,2015,2018,17675529,23,75,32,43,2136,1163,482,928,51,16,45,35,183,234,78,277,394,671,55,145,36,29,189,-34
112,Tristan Thompson,0,0,0,0,0,0,0,0,4892002,5172807,5438273,6739744,17706295,18847457,19838339,20542262,21446411,10641113,10847749,16700,0,0,0,0,2015,2019,16399826,24,82,53,29,2194,693,267,488,54,0,0,0,159,248,64,274,383,657,39,83,34,61,189,218
113,Ricky Rubio,0,0,0,0,0,0,0,0,4568441,4830680,5078594,6303940,15769281,16474152,17056133,17403151,18740462,19539742,19412636,5853659,6146342,6439025,0,0,2015,2018,13750000,24,22,7,15,692,226,78,219,35,13,51,25,57,71,80,19,106,125,193,64,38,1,59,-12
114,Bismack Biyombo,0,0,0,0,0,0,0,0,3673058,3883944,4083159,5080329,3494075,20900044,20564132,19990106,19665917,4022888,1655759,2905851,0,0,0,0,2015,2016,9907000,22,64,26,38,1243,304,101,186,54,0,0,0,102,175,58,159,248,407,16,52,18,99,140,-31
115,Bismack Biyombo,0,0,0,0,0,0,0,0,3673058,3883944,4083159,5080329,3494075,20900044,20564132,19990106,19665917,4022888,1655759,2905851,0,0,0,0,2016,2019,17000000,23,82,56,26,1808,454,156,288,54,0,1,0,142,226,62,182,473,655,29,71,19,133,225,84
116,Kemba Walker,0,0,0,0,0,0,0,0,3093201,3270657,3438569,4291797,14900108,14752972,14515858,14110663,37876556,39515221,38135407,37281261,0,0,0,0,2015,2018,12000000,25,62,21,41,2119,1075,378,981,38,85,280,30,234,283,82,35,185,220,318,100,89,31,92,-188
117,Klay Thompson,0,0,0,0,0,0,0,0,2791536,2869340,4118019,3823972,19247214,20486439,21563488,22328625,37876556,40644227,41421681,40600080,43219440,0,0,0,2015,2018,17244862,25,77,64,13,2455,1668,602,1299,46,239,545,43,225,256,87,27,220,247,222,149,87,60,122,776
118,Alec Burks,0,0,0,0,0,0,0,0,2651967,2804106,2948085,3979981,11440158,12176728,13119318,13565656,2683870,6896379,10399938,10012800,10489600,0,0,0,2015,2018,10375000,23,27,9,18,899,374,121,300,40,26,68,38,106,129,82,19,95,114,82,52,17,5,64,-129
119,Markieff Morris,0,0,0,0,0,0,0,0,2519330,2663878,2800681,3920918,9933405,9097666,9677238,10786771,2614279,2679925,2881021,2905851,0,0,0,0,2015,2018,8143323,25,82,39,43,2581,1258,512,1100,46,57,179,31,177,232,76,110,396,506,192,170,101,39,245,105
120,Kawhi Leonard,0,0,0,0,0,0,0,0,2273587,2404184,2527495,3795985,20372793,21684488,22824523,27179567,37876556,39515221,42909452,42492492,45640084,48787676,0,0,2015,2019,21754050,24,64,46,18,2033,1057,394,822,47,67,192,34,202,252,80,85,376,461,161,97,148,48,128,440
121,Nikola Vucevic,0,0,0,0,0,0,0,0,2159958,2283943,2401258,3608743,13968851,14445619,14818271,14992580,32390922,29884312,26174341,22000000,18518519,20000000,21481481,0,2015,2018,12000000,24,74,21,53,2529,1428,631,1206,52,2,6,33,164,218,75,238,572,810,147,148,54,54,220,-302
122,Tobias Harris,0,0,0,0,0,0,0,0,1861654,1968468,2069446,3122243,19866810,21145927,19354477,17403151,37876556,39491945,39257095,37633050,39270150,0,0,0,2015,2018,16000000,22,68,20,48,2369,1164,442,949,46,87,239,36,193,245,78,73,357,430,124,115,69,36,134,-294
123,Kenneth Faried,0,0,0,0,0,0,0,0,1647102,1741623,1830980,2950810,13951412,14849668,15630371,16747925,0,0,0,0,0,0,0,0,2015,2018,12619684,25,75,30,45,2086,946,373,736,50,1,8,12,199,288,69,242,426,668,89,118,62,57,211,-38
124,Reggie Jackson,0,0,0,0,0,0,0,0,1517930,1605113,1687382,2891314,17275488,18387763,19354477,20041231,593125,2679925,11325310,11457217,5000000,5250000,0,0,2015,2019,12485153,25,77,37,40,2268,1117,432,996,43,72,241,29,181,218,83,56,271,327,462,186,62,9,167,113
125,Cory Joseph,0,0,0,0,0,0,0,0,1350006,1427542,1500691,2653752,8691729,8993166,9229666,9342435,13881823,14482397,7972268,5155500,3196448,0,0,0,2015,2018,7472500,23,79,53,26,1444,535,207,411,50,16,44,36,105,143,73,44,148,192,188,67,46,17,105,173
126,Jimmy Butler,0,0,0,0,0,0,0,0,1340240,1417160,1489879,2634633,20372793,21578938,22616817,23331543,37876556,39515221,39279180,37653300,45183960,48798677,52413394,0,2015,2019,21048050,25,65,40,25,2513,1301,421,912,46,73,193,37,386,463,83,114,265,379,212,93,114,36,108,238
127,E'Twaun Moore,0,0,0,0,0,0,0,0,621711,984176,1122146,1178768,1260823,10820522,10215564,10358032,10023750,2679925,2881021,0,0,0,0,0,2012,2013,823244,23,38,24,14,331,110,43,113,38,17,45,37,7,7,100,4,29,33,34,21,11,3,33,31
128,E'Twaun Moore,0,0,0,0,0,0,0,0,621711,984176,1122146,1178768,1260823,10820522,10215564,10358032,10023750,2679925,2881021,0,0,0,0,0,2016,2019,8680000,27,59,29,30,1263,443,187,389,48,47,104,45,22,35,62,19,114,133,99,53,37,18,103,-37
129,E'Twaun Moore,0,0,0,0,0,0,0,0,621711,984176,1122146,1178768,1260823,10820522,10215564,10358032,10023750,2679925,2881021,0,0,0,0,0,2014,2015,981792,25,79,22,57,1506,499,195,456,42,57,161,35,52,68,76,29,107,136,112,55,60,13,106,-147
130,Anthony Davis,0,0,0,0,0,0,0,0,0,6642496,6821711,6970990,8779553,27190650,28760155,29907860,31341709,37633544,38565013,37980720,40600080,43219440,57604894,62213285,2016,2020,24604884,23,61,24,37,2164,1481,560,1136,49,35,108,32,326,430,75,130,497,627,116,121,78,125,148,-200
131,Jonas Valanciunas,0,0,0,0,0,0,0,0,0,4357467,4474968,4572983,5786807,17681466,18702080,19448405,18509098,17240949,15268366,14700000,15435000,0,0,0,2016,2019,15595506,24,60,40,20,1557,768,303,536,56,0,0,0,162,213,76,184,363,547,42,85,25,80,158,147
132,Harrison Barnes,0,0,0,0,0,0,0,0,0,3612939,3710384,3791698,4809504,27190650,27957547,28347450,27934540,25534890,22121780,18352273,17000000,18000000,19000000,0,2016,2019,23370934,24,66,59,7,2042,774,295,633,46,82,214,38,102,134,76,77,248,325,117,57,41,10,136,451
133,Terrence Ross,0,0,0,0,0,0,0,0,0,3309859,3399130,3473486,4412812,12294144,12701375,12346830,14460233,15516854,13632469,11500000,0,0,0,0,2016,2018,10333333,25,73,53,20,1747,720,270,626,43,131,339,38,49,62,79,21,164,185,56,46,54,25,120,243
134,Austin Rivers,0,0,0,0,0,0,0,0,0,2890258,2968185,3033239,3862599,13523558,14304168,15469195,2515282,4516035,2619110,2905851,0,0,0,0,2015,2016,7055398,22,76,46,30,1563,530,203,496,40,39,131,29,85,126,67,27,125,152,155,65,48,14,146,-128
135,Austin Rivers,0,0,0,0,0,0,0,0,0,2890258,2968185,3033239,3862599,13523558,14304168,15469195,2515282,4516035,2619110,2905851,0,0,0,0,2019,2020,2174310,26,76,45,31,2028,618,232,572,40,104,327,31,50,95,52,25,137,162,167,68,47,23,207,104
136,Austin Rivers,0,0,0,0,0,0,0,0,0,2890258,2968185,3033239,3862599,13523558,14304168,15469195,2515282,4516035,2619110,2905851,0,0,0,0,2016,2018,11993441,23,67,42,25,1464,593,226,516,43,62,185,33,79,116,68,22,108,130,99,61,48,9,137,-162
137,Meyers Leonard,0,0,0,0,0,0,0,0,0,2745846,2819867,2881667,3819244,11327189,11981020,12459135,13056451,10804328,0,713558,0,0,0,0,2016,2019,10250000,24,61,33,28,1333,511,195,435,44,86,228,37,35,46,76,51,263,314,92,77,8,18,183,100
138,Jeremy Lamb,0,0,0,0,0,0,0,0,0,2608561,2679011,2737553,3767686,8605900,8467583,8231220,12146595,12068664,11451274,0,0,0,0,0,2016,2018,7000000,24,66,40,26,1227,580,230,510,45,56,181,30,64,88,72,44,208,252,77,50,42,30,105,152
139,Draymond Green,0,0,0,0,0,0,0,0,0,1097553,1110988,1137841,17707375,18847457,19838339,20542262,21446411,25570575,26203473,25806468,22321429,24107143,25892857,27678571,2015,2019,16400000,25,79,64,15,2490,921,339,765,44,111,329,33,132,200,66,114,533,647,291,133,123,99,253,839
140,Kyle O'Quinn,0,0,0,0,0,0,0,0,0,1018622,1001059,1137841,4656283,4817767,4944464,5231528,2515291,0,0,0,0,0,0,0,2015,2018,4051312,25,51,15,36,824,294,119,242,49,12,43,27,44,57,77,46,153,199,59,55,31,39,110,-123
141,Jae Crowder,0,0,0,0,0,0,0,0,0,775377,1001059,1137841,8438573,7728600,8220955,8590836,9041154,10641113,10601590,10183800,3196448,0,0,0,2015,2019,7000000,24,82,47,35,1647,628,229,545,42,61,208,29,109,141,77,72,221,293,94,49,72,25,137,73
142,Will Barton,0,0,0,0,0,0,0,0,0,710181,1001059,1137841,4387253,4343930,4274113,13911183,14780424,15773415,17040587,15059712,0,0,0,0,2015,2017,3533333,24,58,30,28,984,397,150,353,42,23,85,27,74,94,78,26,136,162,81,61,48,19,70,-29
143,Kent Bazemore,0,0,0,0,0,0,0,0,0,611536,967207,2486425,2483351,19339102,20455398,21271693,22291505,2666650,2619110,0,0,0,0,0,2016,2019,17500000,26,75,44,31,2083,872,320,725,44,109,305,35,123,151,81,28,351,379,171,138,98,38,176,76
144,Kent Bazemore,0,0,0,0,0,0,0,0,0,611536,967207,2486425,2483351,19339102,20455398,21271693,22291505,2666650,2619110,0,0,0,0,0,2014,2015,2000000,24,67,35,32,911,403,147,343,42,43,128,33,66,109,60,10,107,117,91,79,43,13,102,-251
145,Khris Middleton,0,0,0,0,0,0,0,0,0,611536,1001059,1137841,18252632,18687098,17056133,15286552,35402639,37989539,38716214,37984276,29320988,31666667,34012345,0,2015,2019,17520689,23,79,40,39,2378,1055,406,869,46,109,268,40,134,156,85,48,299,347,182,113,122,11,183,320
146,Mike Scott,0,0,0,0,0,0,0,0,0,611536,1001059,4144041,4138918,4098047,2067950,5080426,5514554,5753132,0,0,0,0,0,0,2014,2016,3333333,25,80,36,44,1482,767,301,628,47,62,200,31,103,132,78,62,222,284,75,79,30,7,121,-192
147,Aron Baynes,0,0,0,0,0,0,0,0,0,309365,1001059,2610746,8070891,7991193,5201515,6107095,6308456,8045776,0,0,0,0,0,0,2018,2019,5323440,31,81,54,27,1484,482,210,446,47,3,21,14,59,78,75,130,304,434,93,80,22,51,200,185
148,Aron Baynes,0,0,0,0,0,0,0,0,0,309365,1001059,2610746,8070891,7991193,5201515,6107095,6308456,8045776,0,0,0,0,0,0,2015,2017,5766666,28,70,49,21,1122,461,185,327,56,1,4,25,90,104,86,109,209,318,35,65,16,22,162,136
149,Justin Holiday,0,0,0,0,0,0,0,0,0,98418,0,1015060,1176209,1248711,5443446,5291498,5514554,6575008,6550587,5987975,3196448,0,0,0,2015,2016,981486,26,59,49,10,657,254,91,235,38,35,109,32,37,45,82,12,61,73,48,29,40,12,54,-13
150,Justin Holiday,0,0,0,0,0,0,0,0,0,98418,0,1015060,1176209,1248711,5443446,5291498,5514554,6575008,6550587,5987975,3196448,0,0,0,2017,2018,4500000,28,82,31,51,1639,629,233,538,43,97,273,35,66,80,82,27,198,225,102,66,65,31,109,-41
151,Nerlens Noel,0,0,0,0,0,0,0,0,0,0,4025598,4121398,4293466,5390355,5065549,2066540,2178135,5746983,9597258,9391069,3196448,0,0,0,2018,2019,1820148,24,30,6,24,472,131,55,105,52,0,1,0,21,28,75,48,120,168,20,26,31,22,59,-119
152,Ben McLemore,0,0,0,0,0,0,0,0,0,0,3674904,3762309,3919473,4928577,6290205,6420351,2346715,3325927,2606136,0,0,0,0,0,2017,2018,5330000,24,61,27,34,1176,495,180,419,43,65,170,38,70,93,75,19,110,129,51,62,29,6,108,-135
153,Kentavious Caldwell-Pope,0,0,0,0,0,0,0,0,0,0,3366695,3446781,3590628,4522178,21466406,14110663,9415673,13876688,14220151,14004703,14704938,15440185,0,0,2019,2020,8139282,26,82,37,45,2035,938,325,756,43,151,435,34,137,158,86,48,190,238,110,65,73,13,137,-156
154,Trey Burke,0,0,0,0,0,0,0,0,0,0,3094728,3168401,3300671,4163531,948562,2110737,265165,3448189,3435382,3423750,0,0,0,0,2017,2018,1289587,24,57,35,22,703,285,116,255,45,31,70,44,22,29,75,7,40,47,100,48,11,5,54,-160
155,Mason Plumlee,0,0,0,0,0,0,0,0,0,0,1647943,1687138,1757616,2862728,16984879,15189903,16243001,9195172,10086209,9080417,5000000,0,0,0,2017,2019,13666666,27,81,38,43,2148,842,334,623,53,0,6,0,174,300,58,170,435,605,284,134,69,92,226,-1
156,Solomon Hill,0,0,0,0,0,0,0,0,0,0,1582007,1619706,1687288,14395954,14801983,15008415,15374576,2499153,2606136,0,0,0,0,0,2016,2019,12500000,25,59,31,28,866,246,93,208,44,24,74,32,36,42,85,39,127,166,57,33,37,11,68,46
157,Reggie Bullock,0,0,0,0,0,0,0,0,0,0,1458053,1492750,1555074,2773121,3024137,2939721,4627274,4827465,10399938,10012800,10489600,0,0,0,2017,2018,2500000,26,31,13,18,467,141,54,128,42,28,73,38,5,7,71,13,51,64,29,10,18,3,22,55
158,Robert Covington,0,0,0,0,0,0,0,0,0,0,622026,1243212,1241675,1248711,20198941,12304606,13073460,13951772,14151017,12307692,11692308,0,0,0,2014,2017,4928449,23,7,4,3,34,16,6,14,42,4,11,36,0,0,0,2,3,5,0,1,2,0,3,17
159,Matthew Dellavedova,0,0,0,0,0,0,0,0,0,0,622026,1015060,1672879,11811598,11621758,11297350,11114135,2499153,0,2628597,0,0,0,0,2016,2019,9607500,25,76,54,22,1867,569,207,511,40,98,239,41,57,66,86,33,129,162,337,116,44,9,178,381
160,Mike Muscala,0,0,0,0,0,0,0,0,0,0,204902,1015060,1176209,1248711,6048274,5879443,2346715,2624111,3817091,3500000,3500000,0,0,0,2017,2018,5000000,25,70,36,34,1237,435,170,337,50,46,110,41,49,64,76,76,164,240,95,55,30,41,97,-76
161,Seth Curry,0,0,0,0,0,0,0,0,0,0,84155,59709,1176209,3562842,3663330,3286608,8631463,9004889,8951099,8496653,4000000,4000000,0,0,2015,2016,1922638,24,2,2,0,8,0,0,3,0,0,1,0,0,0,0,0,2,2,1,0,0,0,2,-4
162,Seth Curry,0,0,0,0,0,0,0,0,0,0,84155,59709,1176209,3562842,3663330,3286608,8631463,9004889,8951099,8496653,4000000,4000000,0,0,2016,2017,2963205,25,44,17,27,692,299,102,224,45,50,111,45,45,54,83,9,51,60,67,36,22,3,41,-36
163,Bojan Bogdanovic,0,0,0,0,0,0,0,0,0,0,0,4075250,4253372,4392722,12701375,12346830,19665917,20516729,20394174,19550000,20000000,19032850,0,0,2017,2018,10500000,28,81,23,58,2083,1113,376,845,44,144,392,36,217,243,89,37,240,277,111,131,34,7,146,-264
164,Julius Randle,0,0,0,0,0,0,0,0,0,0,0,3726355,3889226,4016644,5019150,10160853,20822735,22809775,21593832,23760000,28226880,30317760,32408640,0,2018,2019,13320500,23,82,35,47,2190,1323,504,904,55,10,45,22,305,425,71,181,473,654,210,213,43,45,274,-81
165,Elfrid Payton,0,0,0,0,0,0,0,0,0,0,0,2981024,3111291,3213197,4030981,3527665,9254549,5479173,2442441,0,0,0,0,0,2019,2020,8000000,25,42,18,24,1250,446,179,412,43,33,105,31,55,74,74,49,171,220,320,112,44,17,81,-69
166,Rodney Hood,0,0,0,0,0,0,0,0,0,0,0,1604191,1674325,1729195,2887281,4083728,6614689,11548505,2442441,0,0,0,0,0,2019,2020,5718000,26,72,29,43,1893,805,292,671,43,84,236,35,137,155,88,25,132,157,126,55,59,12,146,-273
167,Jerami Grant,0,0,0,0,0,0,0,0,0,0,0,1100092,1049289,1205355,1843882,9799071,10811804,21896005,21814678,20955000,27586207,29793104,32000001,34206898,2018,2020,8839743,24,81,48,33,1647,682,244,456,53,32,110,29,162,240,67,86,233,319,57,54,31,77,155,17
168,Joe Harris,0,0,0,0,0,0,0,0,0,0,0,1100092,1049289,1205355,1843882,9799071,8868943,18472446,18929658,18642857,19928571,0,0,0,2016,2017,1252368,24,5,5,0,15,3,1,4,25,1,4,25,0,0,0,0,3,3,2,1,0,0,1,-21
169,Joe Harris,0,0,0,0,0,0,0,0,0,0,0,1100092,1049289,1205355,1843882,9799071,8868943,18472446,18929658,18642857,19928571,0,0,0,2018,2019,8000000,26,78,27,51,1975,846,305,621,49,150,358,41,86,104,82,51,209,260,128,91,35,20,153,-120
170,Spencer Dinwiddie,0,0,0,0,0,0,0,0,0,0,0,870248,1049289,893381,1843882,1947379,12268755,13165244,21064111,19500000,20357143,0,0,0,2016,2017,1125488,23,12,5,7,159,58,19,54,35,1,10,10,19,33,57,4,13,17,22,7,3,0,20,-56
171,Spencer Dinwiddie,0,0,0,0,0,0,0,0,0,0,0,870248,1049289,893381,1843882,1947379,12268755,13165244,21064111,19500000,20357143,0,0,0,2016,2018,1302356,23,12,5,7,159,58,19,54,35,1,10,10,19,33,57,4,13,17,22,7,3,0,20,-56
172,Joe Ingles,0,0,0,0,0,0,0,0,0,0,0,630726,2607518,2581770,16495293,14752057,13250832,11911929,14217427,6479000,11000000,11000000,0,0,2015,2016,2100000,27,79,36,43,1673,396,147,354,41,72,202,35,30,40,75,22,153,175,182,98,72,10,124,-49
173,JaKarr Sampson,0,0,0,0,0,0,0,0,0,0,0,630726,1370247,0,93445,100487,2009561,2164160,0,0,0,0,0,0,2015,2016,1103547,22,74,17,57,1131,386,146,346,42,31,127,24,63,94,67,35,128,163,77,76,38,26,135,-335
174,Glenn Robinson III,0,0,0,0,0,0,0,0,0,0,0,630726,1365843,1291499,1843882,4791746,2178135,1339417,0,0,0,0,0,0,2015,2017,1224935,21,35,2,33,261,73,26,67,38,5,19,26,16,24,66,15,24,39,11,11,6,1,15,27
175,Jordan Clarkson,0,0,0,0,0,0,0,0,0,0,0,630726,1049289,15367680,13986634,14698607,15544750,13218061,13545221,13340000,23487629,14092577,14285714,0,2016,2019,12500000,24,79,17,62,2552,1225,475,1098,43,111,320,34,164,204,80,93,220,313,192,135,88,7,168,-628
176,Dwight Powell,0,0,0,0,0,0,0,0,0,0,0,630726,1049289,10296345,10890673,11325277,11868236,12735458,12083957,11080125,4000000,4000000,4000000,0,2016,2019,9317187,24,69,35,34,992,399,146,296,49,2,16,12,105,142,73,84,189,273,44,40,36,24,118,-81
177,Langston Galloway,0,0,0,0,0,0,0,0,0,0,0,367313,1049289,6392954,8064365,8231220,8483336,2331659,421108,0,0,0,0,0,2017,2019,7000000,25,74,29,45,1494,585,207,545,38,120,308,39,51,64,79,27,129,156,93,46,46,6,96,-60
178,Langston Galloway,0,0,0,0,0,0,0,0,0,0,0,367313,1049289,6392954,8064365,8231220,8483336,2331659,421108,0,0,0,0,0,2016,2017,5933333,24,82,32,50,2033,625,231,588,39,77,224,34,86,114,75,43,245,288,207,61,77,22,177,-104
179,Tyler Johnson,0,0,0,0,0,0,0,0,0,0,0,348753,1049289,6919144,7041715,22630411,211830,2331659,280738,0,0,0,0,0,2016,2019,7719436,24,36,19,17,863,314,118,243,48,27,71,38,51,64,79,28,81,109,79,47,24,14,66,9
180,JaMychal Green,0,0,0,0,0,0,0,0,0,0,0,304228,1049289,1205355,10322387,9485502,5514554,8275379,8942900,8200000,0,0,0,0,2019,2020,4767000,29,65,31,34,1371,611,230,476,48,71,176,40,80,101,79,104,305,409,50,87,45,34,193,-214
181,JaMychal Green,0,0,0,0,0,0,0,0,0,0,0,304228,1049289,1205355,10322387,9485502,5514554,8275379,8942900,8200000,0,0,0,0,2017,2018,8300000,27,77,40,37,2101,689,250,500,50,55,145,37,134,167,80,167,377,544,84,94,47,34,248,-28
182,Jahlil Okafor,0,0,0,0,0,0,0,0,0,0,0,0,5690202,5887468,6042371,1842625,1969467,2164160,2322997,0,0,0,0,0,2018,2019,1634746,22,28,7,21,353,176,77,138,55,1,4,25,21,29,72,21,64,85,12,21,3,18,51,-163
183,Willie Cauley-Stein,0,0,0,0,0,0,0,0,0,0,0,0,4219561,4365847,4480755,5523000,2518952,4712526,4602412,155738,0,0,0,0,2019,2020,2177483,25,81,39,42,2213,965,412,741,55,1,2,50,140,254,55,181,497,678,194,84,96,51,227,54
184,Boban Marjanovic,0,0,0,0,0,0,0,0,0,0,0,0,1490010,6919144,7114294,11160053,4048865,4022888,3817091,4101478,0,0,0,0,2016,2018,7000000,27,54,47,7,508,297,105,174,60,0,0,0,87,114,76,73,121,194,21,29,12,23,54,54
185,Montrezl Harrell,0,0,0,0,0,0,0,0,0,0,0,0,1241675,1284738,1779864,7055331,6940911,10641113,10601590,2463490,2891467,0,0,0,2018,2019,6000000,24,76,39,37,1293,836,348,548,63,1,7,14,139,222,62,103,203,306,74,68,36,52,143,53
186,Raul Neto,0,0,0,0,0,0,0,0,0,0,0,0,1043007,1079179,1779864,2469366,2009561,2164160,2278746,2463490,0,0,0,0,2018,2019,1918572,26,41,28,13,498,183,69,151,45,19,47,40,26,35,74,7,42,49,75,36,13,4,38,119
187,Pat Connaughton,0,0,0,0,0,0,0,0,0,0,0,0,776162,1075290,1779864,1929633,1993256,5676034,5816521,5728393,9423869,9423869,9423869,0,2018,2019,1682025,25,82,49,33,1488,441,165,390,42,74,210,35,37,44,84,36,125,161,91,43,23,22,120,141
188,Christian Wood,0,0,0,0,0,0,0,0,0,0,0,0,421874,1075290,0,1778650,1903379,14960401,14904833,14317459,0,0,0,0,2016,2017,874636,20,17,0,17,145,61,22,53,41,4,11,36,13,21,61,13,25,38,3,2,5,7,11,-49
189,Fred VanVleet,0,0,0,0,0,0,0,0,0,0,0,0,0,668151,1587806,10175960,10811804,24424678,21458517,21250000,40806300,42846615,44886930,0,2018,2019,9000000,24,76,55,21,1520,656,232,545,42,108,261,41,84,101,83,25,159,184,243,74,68,19,130,352
190,Bryn Forbes,0,0,0,0,0,0,0,0,0,0,0,0,0,668151,1587806,3674651,3325853,2686306,4907689,2298385,0,0,0,0,2018,2019,3000000,24,80,46,34,1517,555,209,497,42,89,228,39,48,72,66,12,98,110,80,37,28,2,108,122
191,Davis Bertans,0,0,0,0,0,0,0,0,0,0,0,0,0,668151,1587806,8231220,8097730,17240949,17449561,16000000,17000000,16000000,0,0,2018,2019,7000000,25,77,43,34,1086,456,161,366,44,94,252,37,40,49,81,18,135,153,74,36,26,28,93,89
192,Patrick McCaw,0,0,0,0,0,0,0,0,0,0,0,0,0,668151,1587806,1133678,4627274,4597586,0,0,0,0,0,0,2018,2019,2482052,22,57,41,16,961,229,92,225,40,19,80,23,26,34,76,16,66,82,81,41,43,10,67,-85
193,Quinn Cook,0,0,0,0,0,0,0,0,0,0,0,0,0,117904,229630,1816690,3470455,2277700,0,0,0,0,0,0,2017,2018,867391,24,14,9,5,187,79,33,66,50,11,26,42,2,5,40,1,6,7,26,13,4,0,13,-41
194,Quinn Cook,0,0,0,0,0,0,0,0,0,0,0,0,0,117904,229630,1816690,3470455,2277700,0,0,0,0,0,0,2019,2020,3000000,26,74,49,25,1059,509,204,439,46,81,200,40,20,26,76,22,135,157,116,50,20,3,92,-133
195,Quinn Cook,0,0,0,0,0,0,0,0,0,0,0,0,0,117904,229630,1816690,3470455,2277700,0,0,0,0,0,0,2017,2018,867391,24,14,9,5,187,79,33,66,50,11,26,42,2,5,40,1,6,7,26,13,4,0,13,-41
196,Shaquille Harrison,0,0,0,0,0,0,0,0,0,0,0,0,0,0,278703,1558676,1874698,1051752,336441,134862,0,0,0,0,2018,2019,1473047,24,23,3,20,384,152,59,124,47,6,26,23,28,38,73,9,52,61,55,22,26,7,42,47
197,Edmond Sumner,0,0,0,0,0,0,0,0,0,0,0,0,0,0,93445,528907,2313637,2482696,2530186,1968175,0,0,0,0,2018,2019,1224897,22,1,0,1,2,2,1,1,100,0,0,0,0,0,0,0,1,1,0,0,0,0,1,-6
198,Torrey Craig,0,0,0,0,0,0,0,0,0,0,0,0,0,0,93445,2351777,2313637,1929669,5319988,5121951,2528233,2845342,0,0,2018,2019,2000000,27,39,22,17,629,163,62,137,45,17,58,29,22,35,62,40,87,127,25,20,12,15,63,-61
